case_id,round,company,page,source_method,box_transcription,cost_million,subsidy_million,cost_unit,subsidy_unit,subsidy_rate_pct,validation,candidate_count,pdf_url
s1_outline_1,1次,株式会社岩崎電機製作所,2,coordinate_cost_box_char_reconstruction,"事業費 24億円
（補助額） （7.6億円）",2400,760,億円,億円,31.6667,整合,1,https://seichotoushi-hojo.jp/assets/pdf/koufu/outline_1.pdf
s1_outline_10,1次,株式会社プレジィール,2,coordinate_cost_box_char_reconstruction,"事業費 80億円
（補助額） （25億円）",8000,2500,億円,億円,31.25,整合,1,https://seichotoushi-hojo.jp/assets/pdf/koufu/outline_10.pdf
s1_outline_100,1次,マリンフード株式会社,2,coordinate_cost_box_char_reconstruction,"事業費 46億円
（補助額） （14億円）",4600,1400,億円,億円,30.4348,整合,1,https://seichotoushi-hojo.jp/assets/pdf/koufu/outline_100.pdf
s1_outline_101,1次,株式会社正興電機製作所,2,coordinate_cost_box_char_reconstruction,"事業費 39億円
（補助額） （12億円）",3900,1200,億円,億円,30.7692,整合,1,https://seichotoushi-hojo.jp/assets/pdf/koufu/outline_101.pdf
s1_outline_102,1次,冬木工業株式会社,2,coordinate_cost_box_char_reconstruction,"事業費 69億円
（補助額） （22億円）",6900,2200,億円,億円,31.8841,整合,1,https://seichotoushi-hojo.jp/assets/pdf/koufu/outline_102.pdf
s1_outline_103,1次,オーケー化成株式会社,2,coordinate_cost_box_char_reconstruction,"事業費 29億円
（補助額） （9.6億円）",2900,960,億円,億円,33.1034,整合,1,https://seichotoushi-hojo.jp/assets/pdf/koufu/outline_103.pdf
s1_outline_104,1次,ヤマダイ株式会社,2,coordinate_cost_box_char_reconstruction,"事業費 34億円
（補助額） （11億円）",3400,1100,億円,億円,32.3529,整合,1,https://seichotoushi-hojo.jp/assets/pdf/koufu/outline_104.pdf
s1_outline_105,1次,中外医薬生産株式会社,2,coordinate_cost_box_char_reconstruction,"事業費 65億円
（補助額） （20億円）",6500,2000,億円,億円,30.7692,整合,1,https://seichotoushi-hojo.jp/assets/pdf/koufu/outline_105.pdf
s1_outline_106,1次,株式会社シーエル,2,coordinate_cost_box_char_reconstruction,"事業費 21億円
（補助額） （6.3億円）",2100,630,億円,億円,30,整合,1,https://seichotoushi-hojo.jp/assets/pdf/koufu/outline_106.pdf
s1_outline_107,1次,株式会社ササキ,2,coordinate_cost_box_char_reconstruction,"事業費 39億円
（補助額） （13億円）",3900,1300,億円,億円,33.3333,整合,1,https://seichotoushi-hojo.jp/assets/pdf/koufu/outline_107.pdf
s1_outline_108,1次,株式会社ミラプロ,4,coordinate_cost_box_char_reconstruction,"事業費 13億円
（補助額） （4.4億円）",1300,440,億円,億円,33.8462,整合,1,https://seichotoushi-hojo.jp/assets/pdf/koufu/outline_108.pdf
s1_outline_109,1次,マイクロカット株式会社,2,coordinate_cost_box_char_reconstruction,"事業費 14.9億円
（補助額） （4.9億円）",1490,490,億円,億円,32.8859,整合,1,https://seichotoushi-hojo.jp/assets/pdf/koufu/outline_109.pdf
s1_outline_11,1次,大峰堂薬品工業株式会社,2,coordinate_cost_box_char_reconstruction,"事業費 113 億円
（補助額） （36 億円）",11300,3600,億円,億円,31.8584,整合,1,https://seichotoushi-hojo.jp/assets/pdf/koufu/outline_11.pdf
s1_outline_110,1次,株式会社菰下鎔断,2,coordinate_cost_box_char_reconstruction,"事業費 16億円
（補助額） （5.1億円）",1600,510,億円,億円,31.875,整合,1,https://seichotoushi-hojo.jp/assets/pdf/koufu/outline_110.pdf
s1_outline_111,1次,株式会社向山工場,2,coordinate_cost_box_char_reconstruction,"事業費 40億円
（補助額） （13億円）",4000,1300,億円,億円,32.5,整合,1,https://seichotoushi-hojo.jp/assets/pdf/koufu/outline_111.pdf
s1_outline_112,1次,株式会社八芳園,2,coordinate_cost_box_char_reconstruction,"事業費 68億円
（補助額） （20億円）",6800,2000,億円,億円,29.4118,Box内補足金額あり,1,https://seichotoushi-hojo.jp/assets/pdf/koufu/outline_112.pdf
s1_outline_113,1次,トーアス株式会社,2,coordinate_cost_box_char_reconstruction,"事業費 14億円
（補助額） （4.6億円）",1400,460,億円,億円,32.8571,整合,1,https://seichotoushi-hojo.jp/assets/pdf/koufu/outline_113.pdf
s1_outline_114,1次,株式会社中西製作所,2,coordinate_cost_box_char_reconstruction,"事業費 36億円
（補助額） （5.4億円）",3600,540,億円,億円,15,整合,1,https://seichotoushi-hojo.jp/assets/pdf/koufu/outline_114.pdf
s1_outline_115,1次,株式会社国際エキスプレス,2,coordinate_cost_box_char_reconstruction,"事業費 47億円
（補助額） （16億円）",4700,1600,億円,億円,34.0426,整合,1,https://seichotoushi-hojo.jp/assets/pdf/koufu/outline_115.pdf
s1_outline_116,1次,株式会社かねふくめんたいパーク,2,coordinate_cost_box_char_reconstruction,"事業費 12億円
（補助額） （1.4億円）",1200,140,億円,億円,11.6667,整合,1,https://seichotoushi-hojo.jp/assets/pdf/koufu/outline_116.pdf
s1_outline_117,1次,信越理研株式会社,2,coordinate_cost_box_char_reconstruction,"事業費 44億円
（補助額） （12億円）",4400,1200,億円,億円,27.2727,整合,1,https://seichotoushi-hojo.jp/assets/pdf/koufu/outline_117.pdf
s1_outline_118,1次,クリエイトワン株式会社,3,coordinate_cost_box_char_reconstruction,"事業費 12億円
（補助額） （0.74億円）",1200,74,億円,億円,6.1667,整合,1,https://seichotoushi-hojo.jp/assets/pdf/koufu/outline_118.pdf
s1_outline_119,1次,株式会社フルヤ金属,2,coordinate_cost_box_char_reconstruction,"事業費 41億円
（補助額） （12億円）",4100,1200,億円,億円,29.2683,整合,1,https://seichotoushi-hojo.jp/assets/pdf/koufu/outline_119.pdf
s1_outline_12,1次,株式会社松岡,2,coordinate_cost_box_char_reconstruction,"事業費 131億円
（補助額） （42億円）",13100,4200,億円,億円,32.0611,整合,1,https://seichotoushi-hojo.jp/assets/pdf/koufu/outline_12.pdf
s1_outline_120,1次,旭陽電気株式会社,2,coordinate_cost_box_char_reconstruction,"事業費 31億円
（補助額） （3.2億円）",3100,320,億円,億円,10.3226,整合,1,https://seichotoushi-hojo.jp/assets/pdf/koufu/outline_120.pdf
s1_outline_121,1次,土佐鶴酒造株式会社,2,rendered_cost_box_visual_verification,"事業費 12.7億円
（補助額） （3.7億円）",1270,370,億円,億円,29.1339,目視検証済,0,https://seichotoushi-hojo.jp/assets/pdf/koufu/outline_121.pdf
s1_outline_122,1次,岸和田製鋼株式会社,2,coordinate_cost_box_char_reconstruction,"事業費 45億円
（補助額） （2.3億円）",4500,230,億円,億円,5.1111,整合,1,https://seichotoushi-hojo.jp/assets/pdf/koufu/outline_122.pdf
s1_outline_123,1次,株式会社タケエイ,2,coordinate_cost_box_char_reconstruction,"事業費 95億円
（補助額） （19億円）",9500,1900,億円,億円,20,整合,1,https://seichotoushi-hojo.jp/assets/pdf/koufu/outline_123.pdf
s1_outline_124,1次,株式会社シロ,3,coordinate_cost_box_char_reconstruction,"事業費 27億円
（補助額） （7.8億円）",2700,780,億円,億円,28.8889,整合,1,https://seichotoushi-hojo.jp/assets/pdf/koufu/outline_124.pdf
s1_outline_125,1次,株式会社ミダック,2,coordinate_cost_box_char_reconstruction,"事業費 27億円
（補助額） （2.1億円）",2700,210,億円,億円,7.7778,整合,1,https://seichotoushi-hojo.jp/assets/pdf/koufu/outline_125.pdf
s1_outline_126,1次,高末株式会社,2,coordinate_cost_box_char_reconstruction,"事業費 75億円
（補助額） （4.4億円）",7500,440,億円,億円,5.8667,整合,1,https://seichotoushi-hojo.jp/assets/pdf/koufu/outline_126.pdf
s1_outline_127,1次,株式会社ユニワールド,2,coordinate_cost_box_char_reconstruction,"事業費 17億円
（補助額） （5.7億円）",1700,570,億円,億円,33.5294,整合,1,https://seichotoushi-hojo.jp/assets/pdf/koufu/outline_127.pdf
s1_outline_128,1次,株式会社ただおザウルス,2,coordinate_cost_box_char_reconstruction,"事業費 15億円
（補助額） （4.7億円）",1500,470,億円,億円,31.3333,整合,1,https://seichotoushi-hojo.jp/assets/pdf/koufu/outline_128.pdf
s1_outline_129,1次,株式会社浜屋,2,coordinate_cost_box_char_reconstruction,"事業費 15億円
（補助額） （4.3億円）",1500,430,億円,億円,28.6667,整合,1,https://seichotoushi-hojo.jp/assets/pdf/koufu/outline_129.pdf
s1_outline_13,1次,株式会社アロン社,2,coordinate_cost_box_char_reconstruction,"事業費 18億円
（補助額） （6.0億円）",1800,600,億円,億円,33.3333,整合,1,https://seichotoushi-hojo.jp/assets/pdf/koufu/outline_13.pdf
s1_outline_130,1次,小林酒造株式会社,2,coordinate_cost_box_char_reconstruction,"事業費 12.6億円
（補助額） （4.2億円）",1260,420,億円,億円,33.3333,整合,1,https://seichotoushi-hojo.jp/assets/pdf/koufu/outline_130.pdf
s1_outline_131,1次,株式会社遠藤写真工芸所,2,coordinate_cost_box_char_reconstruction,"事業費 38億円
（補助額） （10億円）",3800,1000,億円,億円,26.3158,整合,1,https://seichotoushi-hojo.jp/assets/pdf/koufu/outline_131.pdf
s1_outline_132,1次,株式会社ヨシノ自動車,2,coordinate_cost_box_char_reconstruction,"事業費 26億円
（補助額） （7.3億円）",2600,730,億円,億円,28.0769,整合,1,https://seichotoushi-hojo.jp/assets/pdf/koufu/outline_132.pdf
s1_outline_134,1次,株式会社コンメックス,2,coordinate_cost_box_char_reconstruction,"事業費 28億円
（補助額） （2.9億円）",2800,290,億円,億円,10.3571,整合,1,https://seichotoushi-hojo.jp/assets/pdf/koufu/outline_134.pdf
s1_outline_135,1次,株式会社永井運送,2,rendered_cost_box_visual_verification,"事業費 22億円
（補助額） （2.1億円）",2200,210,億円,億円,9.5455,目視検証済,1,https://seichotoushi-hojo.jp/assets/pdf/koufu/outline_135.pdf
s1_outline_136,1次,まねき食品株式会社,2,coordinate_cost_box_char_reconstruction,"事業費 33億円
（補助額） （9.3億円）",3300,930,億円,億円,28.1818,整合,1,https://seichotoushi-hojo.jp/assets/pdf/koufu/outline_136.pdf
s1_outline_137,1次,総武機械株式会社,2,coordinate_cost_box_char_reconstruction,"事業費 20億円
（補助額） （5.7億円）",2000,570,億円,億円,28.5,整合,1,https://seichotoushi-hojo.jp/assets/pdf/koufu/outline_137.pdf
s1_outline_138,1次,菅野包装資材株式会社,2,coordinate_cost_box_char_reconstruction,"事業費 48億円
（補助額） （16億円）",4800,1600,億円,億円,33.3333,整合,1,https://seichotoushi-hojo.jp/assets/pdf/koufu/outline_138.pdf
s1_outline_139,1次,川﨑工業株式会社,2,coordinate_cost_box_char_reconstruction,"事業費 54億円
（補助額） （16億円）",5400,1600,億円,億円,29.6296,整合,1,https://seichotoushi-hojo.jp/assets/pdf/koufu/outline_139.pdf
s1_outline_14,1次,日華化学株式会社,2,rendered_cost_box_visual_verification,"事業費 166億円
（補助額） （50億円）",16600,5000,億円,億円,30.1205,目視検証済,1,https://seichotoushi-hojo.jp/assets/pdf/koufu/outline_14.pdf
s1_outline_140,1次,新生電子株式会社,3,coordinate_cost_box_char_reconstruction,"事業費 23億円
（補助額） （7.6億円）",2300,760,億円,億円,33.0435,整合,1,https://seichotoushi-hojo.jp/assets/pdf/koufu/outline_140.pdf
s1_outline_141,1次,共栄フード株式会社,2,coordinate_cost_box_char_reconstruction,"事業費 98億円
（補助額） （30億円）",9800,3000,億円,億円,30.6122,整合,1,https://seichotoushi-hojo.jp/assets/pdf/koufu/outline_141.pdf
s1_outline_143,1次,株式会社ロッキー,2,coordinate_cost_box_char_reconstruction,"事業費 29億円
（補助額） （9.4億円）",2900,940,億円,億円,32.4138,整合,1,https://seichotoushi-hojo.jp/assets/pdf/koufu/outline_143.pdf
s1_outline_145,1次,株式会社小松電業所,2,coordinate_cost_box_char_reconstruction,"事業費 43億円
（補助額） （14億円）",4300,1400,億円,億円,32.5581,整合,1,https://seichotoushi-hojo.jp/assets/pdf/koufu/outline_145.pdf
s1_outline_146,1次,アオイ電子株式会社,2,coordinate_cost_box_char_reconstruction,"事業費 254億円
（補助額） （50億円）",25400,5000,億円,億円,19.685,整合,1,https://seichotoushi-hojo.jp/assets/pdf/koufu/outline_146.pdf
s1_outline_147,1次,株式会社ｂｕｄ梱包出荷サポート,2,coordinate_cost_box_char_reconstruction,"事業費 26億円
（補助額） （8.0億円）",2600,800,億円,億円,30.7692,整合,1,https://seichotoushi-hojo.jp/assets/pdf/koufu/outline_147.pdf
s1_outline_148,1次,株式会社しばた工芸,2,coordinate_cost_box_char_reconstruction,"事業費 15億円
（補助額） （4.8億円）",1500,480,億円,億円,32,整合,1,https://seichotoushi-hojo.jp/assets/pdf/koufu/outline_148.pdf
s1_outline_149,1次,株式会社共同物流サービス,2,coordinate_cost_box_char_reconstruction,"事業費 34億円
（補助額） （11億円）",3400,1100,億円,億円,32.3529,整合,1,https://seichotoushi-hojo.jp/assets/pdf/koufu/outline_149.pdf
s1_outline_150,1次,三笠産業株式会社,2,coordinate_cost_box_char_reconstruction,"事業費 122億円
（補助額） （34億円）",12200,3400,億円,億円,27.8689,整合,1,https://seichotoushi-hojo.jp/assets/pdf/koufu/outline_150.pdf
s1_outline_151,1次,四国医療サービス株式会社,2,coordinate_cost_box_char_reconstruction,"事業費 45億円
（補助額） （13億円）",4500,1300,億円,億円,28.8889,整合,1,https://seichotoushi-hojo.jp/assets/pdf/koufu/outline_151.pdf
s1_outline_152,1次,ヤマトミシン製造株式会社,2,coordinate_cost_box_char_reconstruction,"事業費 19億円
（補助額） （4億円）",1900,400,億円,億円,21.0526,Box内補足金額あり,1,https://seichotoushi-hojo.jp/assets/pdf/koufu/outline_152.pdf
s1_outline_153,1次,株式会社越後屋,2,coordinate_cost_box_char_reconstruction,"事業費 25億円
（補助額） （8.4億円）",2500,840,億円,億円,33.6,整合,1,https://seichotoushi-hojo.jp/assets/pdf/koufu/outline_153.pdf
s1_outline_154,1次,中央観光株式会社,2,coordinate_cost_box_char_reconstruction,"事業費 26億円
（補助額） （6.8億円）",2600,680,億円,億円,26.1538,整合,1,https://seichotoushi-hojo.jp/assets/pdf/koufu/outline_154.pdf
s1_outline_155,1次,株式会社スギノマシン,2,coordinate_cost_box_char_reconstruction,"事業費 17億円
（補助額） （5.6億円）",1700,560,億円,億円,32.9412,整合,1,https://seichotoushi-hojo.jp/assets/pdf/koufu/outline_155.pdf
s1_outline_156,1次,株式会社ダイセイ,2,coordinate_cost_box_char_reconstruction,"事業費 12億円
（補助額） （4.0億円）",1200,400,億円,億円,33.3333,整合,1,https://seichotoushi-hojo.jp/assets/pdf/koufu/outline_156.pdf
s1_outline_157,1次,ハマダコンフェクト株式会社,2,coordinate_cost_box_char_reconstruction,"事業費 186億円
（補助額） （28億円）",18600,2800,億円,億円,15.0538,整合,1,https://seichotoushi-hojo.jp/assets/pdf/koufu/outline_157.pdf
s1_outline_158,1次,平和食品工業株式会社,2,coordinate_cost_box_char_reconstruction,"事業費 10億円
（補助額） （1.7億円）",1000,170,億円,億円,17,整合,1,https://seichotoushi-hojo.jp/assets/pdf/koufu/outline_158.pdf
s1_outline_159,1次,浦島観光ホテル株式会社,2,coordinate_cost_box_char_reconstruction,"事業費 69億円
（補助額） （12億円）",6900,1200,億円,億円,17.3913,整合,3,https://seichotoushi-hojo.jp/assets/pdf/koufu/outline_159.pdf
s1_outline_16,1次,株式会社旭ウエルテック,2,rendered_cost_box_visual_verification,"事業費 33億円
（補助額） （10億円）",3300,1000,億円,億円,30.303,目視検証済,1,https://seichotoushi-hojo.jp/assets/pdf/koufu/outline_16.pdf
s1_outline_162,1次,信光陸運株式会社,2,coordinate_cost_box_char_reconstruction,"事業費 22億円
（補助額） （7.3億円）",2200,730,億円,億円,33.1818,整合,1,https://seichotoushi-hojo.jp/assets/pdf/koufu/outline_162.pdf
s1_outline_164,1次,株式会社福砂屋グループ,2,coordinate_cost_box_char_reconstruction,"事業費 55億円
（補助額） （17億円）",5500,1700,億円,億円,30.9091,整合,1,https://seichotoushi-hojo.jp/assets/pdf/koufu/outline_164.pdf
s1_outline_166,1次,株式会社福地建設,2,coordinate_cost_box_char_reconstruction,"事業費 22億円
（補助額） （7.2億円）",2200,720,億円,億円,32.7273,整合,1,https://seichotoushi-hojo.jp/assets/pdf/koufu/outline_166.pdf
s1_outline_167,1次,銘建工業株式会社,2,coordinate_cost_box_char_reconstruction,"事業費 62億円
（補助額） （20億円）",6200,2000,億円,億円,32.2581,整合,1,https://seichotoushi-hojo.jp/assets/pdf/koufu/outline_167.pdf
s1_outline_168,1次,株式会社大真空,2,coordinate_cost_box_char_reconstruction,"事業費 79億円
（補助額） （26億円）",7900,2600,億円,億円,32.9114,整合,1,https://seichotoushi-hojo.jp/assets/pdf/koufu/outline_168.pdf
s1_outline_169,1次,サトウ食品株式会社,2,coordinate_cost_box_char_reconstruction,"事業費 96億円
（補助額） （27億円）",9600,2700,億円,億円,28.125,整合,1,https://seichotoushi-hojo.jp/assets/pdf/koufu/outline_169.pdf
s1_outline_17,1次,進工業株式会社,2,rendered_cost_box_visual_verification,"事業費 94億円
（補助額） （29億円）",9400,2900,億円,億円,30.8511,目視検証済,1,https://seichotoushi-hojo.jp/assets/pdf/koufu/outline_17.pdf
s1_outline_170,1次,株式会社光製作所,2,coordinate_cost_box_char_reconstruction,"事業費 17億円
（補助額） （5.2億円）",1700,520,億円,億円,30.5882,整合,1,https://seichotoushi-hojo.jp/assets/pdf/koufu/outline_170.pdf
s1_outline_171,1次,昭和産業株式会社,2,coordinate_cost_box_char_reconstruction,"事業費 25億円
（補助額） （7.8億円）",2500,780,億円,億円,31.2,整合,1,https://seichotoushi-hojo.jp/assets/pdf/koufu/outline_171.pdf
s1_outline_173,1次,中央紙通商株式会社,2,coordinate_cost_box_char_reconstruction,"事業費 21億円
（補助額） （2.0億円）",2100,200,億円,億円,9.5238,整合,1,https://seichotoushi-hojo.jp/assets/pdf/koufu/outline_173.pdf
s1_outline_174,1次,株式会社Ｐｌａｎ・Ｄｏ・Ｓｅｅ琉球,3,coordinate_cost_box_char_reconstruction,"事業費 39億円
（補助額） （4.2億円）",3900,420,億円,億円,10.7692,整合,1,https://seichotoushi-hojo.jp/assets/pdf/koufu/outline_174.pdf
s1_outline_177,1次,さいほく鉄工株式会社,2,rendered_cost_box_visual_verification,"事業費 25億円
（補助額） （3.0億円）",2500,300,億円,億円,12,目視検証済,1,https://seichotoushi-hojo.jp/assets/pdf/koufu/outline_177.pdf
s1_outline_19,1次,株式会社XEN GROUP,2,coordinate_cost_box_char_reconstruction,"事業費 29億円
（補助額） （9.5億円）",2900,950,億円,億円,32.7586,整合,1,https://seichotoushi-hojo.jp/assets/pdf/koufu/outline_19.pdf
s1_outline_2,1次,株式会社アイ・テック,2,coordinate_cost_box_char_reconstruction,"事業費 74億円
（補助額） （5.6億円）",7400,560,億円,億円,7.5676,整合,1,https://seichotoushi-hojo.jp/assets/pdf/koufu/outline_2.pdf
s1_outline_20,1次,エスティケイテクノロジー株式会社,2,coordinate_cost_box_char_reconstruction,"事業費 21億円
（補助額） （6.7億円）",2100,670,億円,億円,31.9048,整合,1,https://seichotoushi-hojo.jp/assets/pdf/koufu/outline_20.pdf
s1_outline_21,1次,株式会社くまさんメディクス,2,rendered_cost_box_visual_verification,"事業費 27億円
（補助額） （8.6億円）",2700,860,億円,億円,31.8519,目視検証済,1,https://seichotoushi-hojo.jp/assets/pdf/koufu/outline_21.pdf
s1_outline_22,1次,BBSジャパン株式会社,2,coordinate_cost_box_char_reconstruction,"事業費 48億円
（補助額） （16億円）",4800,1600,億円,億円,33.3333,整合,1,https://seichotoushi-hojo.jp/assets/pdf/koufu/outline_22.pdf
s1_outline_23,1次,株式会社ジェーイーエル,2,coordinate_cost_box_char_reconstruction,"事業費 52億円
（補助額） （16億円）",5200,1600,億円,億円,30.7692,整合,1,https://seichotoushi-hojo.jp/assets/pdf/koufu/outline_23.pdf
s1_outline_24,1次,株式会社フジキン,2,coordinate_cost_box_char_reconstruction,"事業費 42億円
（補助額） （13億円）",4200,1300,億円,億円,30.9524,整合,1,https://seichotoushi-hojo.jp/assets/pdf/koufu/outline_24.pdf
s1_outline_25,1次,日本リファイン株式会社,2,coordinate_cost_box_char_reconstruction,"事業費 40億円
（補助額） （8.6億円）",4000,860,億円,億円,21.5,整合,1,https://seichotoushi-hojo.jp/assets/pdf/koufu/outline_25.pdf
s1_outline_26,1次,日星電気株式会社,2,coordinate_cost_box_char_reconstruction,"事業費 95億円
（補助額） （28億円）",9500,2800,億円,億円,29.4737,整合,1,https://seichotoushi-hojo.jp/assets/pdf/koufu/outline_26.pdf
s1_outline_27,1次,株式会社クラタ,2,coordinate_cost_box_char_reconstruction,"事業費 19億円
（補助額） （6.4億円）",1900,640,億円,億円,33.6842,整合,1,https://seichotoushi-hojo.jp/assets/pdf/koufu/outline_27.pdf
s1_outline_28,1次,広陵化学工業株式会社,2,coordinate_cost_box_char_reconstruction,"事業費 17億円
（補助額） （5.3億円）",1700,530,億円,億円,31.1765,整合,1,https://seichotoushi-hojo.jp/assets/pdf/koufu/outline_28.pdf
s1_outline_29,1次,株式会社三和テスコ,2,coordinate_cost_box_char_reconstruction,"事業費 18億円
（補助額） （5.5億円）",1800,550,億円,億円,30.5556,整合,1,https://seichotoushi-hojo.jp/assets/pdf/koufu/outline_29.pdf
s1_outline_3,1次,株式会社堀場エステック,2,coordinate_cost_box_char_reconstruction,"事業費 130億円
（補助額） （38億円）",13000,3800,億円,億円,29.2308,整合,1,https://seichotoushi-hojo.jp/assets/pdf/koufu/outline_3.pdf
s1_outline_30,1次,株式会社メイドー,2,coordinate_cost_box_char_reconstruction,"事業費 58億円
（補助額） （19億円）",5800,1900,億円,億円,32.7586,整合,1,https://seichotoushi-hojo.jp/assets/pdf/koufu/outline_30.pdf
s1_outline_31,1次,鎌長製衡株式会社,2,coordinate_cost_box_char_reconstruction,"事業費 16億円
（補助額） （4.6億円）",1600,460,億円,億円,28.75,整合,1,https://seichotoushi-hojo.jp/assets/pdf/koufu/outline_31.pdf
s1_outline_32,1次,オリヒロエンジニアリング株式会社,2,coordinate_cost_box_char_reconstruction,"事業費 61億円
（補助額） （19億円）",6100,1900,億円,億円,31.1475,整合,1,https://seichotoushi-hojo.jp/assets/pdf/koufu/outline_32.pdf
s1_outline_33,1次,株式会社石井機械製作所,2,rendered_cost_box_visual_verification,"事業費 11億円
（補助額） （3.5億円）",1100,350,億円,億円,31.8182,目視検証済,0,https://seichotoushi-hojo.jp/assets/pdf/koufu/outline_33.pdf
s1_outline_34,1次,株式会社柴田合成,2,coordinate_cost_box_char_reconstruction,"事業費 19億円
（補助額） （5.2億円）",1900,520,億円,億円,27.3684,整合,1,https://seichotoushi-hojo.jp/assets/pdf/koufu/outline_34.pdf
s1_outline_35,1次,イグス株式会社,2,coordinate_cost_box_char_reconstruction,"事業費 34億円
（補助額） （8.9億円）",3400,890,億円,億円,26.1765,整合,1,https://seichotoushi-hojo.jp/assets/pdf/koufu/outline_35.pdf
s1_outline_36,1次,株式会社廣澤精機製作所,2,coordinate_cost_box_char_reconstruction,"事業費 71億円
（補助額） （24億円）",7100,2400,億円,億円,33.8028,整合,1,https://seichotoushi-hojo.jp/assets/pdf/koufu/outline_36.pdf
s1_outline_37,1次,大日工業株式会社,2,rendered_cost_box_visual_verification,"事業費 18億円
（補助額） （5.9億円）",1800,590,億円,億円,32.7778,目視検証済,1,https://seichotoushi-hojo.jp/assets/pdf/koufu/outline_37.pdf
s1_outline_38,1次,テラル株式会社,2,coordinate_cost_box_char_reconstruction,"事業費 27億円
（補助額） （8.6億円）",2700,860,億円,億円,31.8519,整合,1,https://seichotoushi-hojo.jp/assets/pdf/koufu/outline_38.pdf
s1_outline_39,1次,株式会社ハウゼコ,2,coordinate_cost_box_char_reconstruction,"事業費 19億円
（補助額） （6.1億円）",1900,610,億円,億円,32.1053,整合,1,https://seichotoushi-hojo.jp/assets/pdf/koufu/outline_39.pdf
s1_outline_4,1次,株式会社インターオフィス,2,coordinate_cost_box_char_reconstruction,"事業費 15億円
（補助額） （4.3億円）",1500,430,億円,億円,28.6667,整合,1,https://seichotoushi-hojo.jp/assets/pdf/koufu/outline_4.pdf
s1_outline_40,1次,千代田鋼鉄工業株式会社,2,coordinate_cost_box_char_reconstruction,"事業費 43億円
（補助額） （6.5億円）",4300,650,億円,億円,15.1163,整合,1,https://seichotoushi-hojo.jp/assets/pdf/koufu/outline_40.pdf
s1_outline_41,1次,株式会社ビッグハウス,2,coordinate_cost_box_char_reconstruction,"事業費 12億円
（補助額） （3.8億円）",1200,380,億円,億円,31.6667,整合,1,https://seichotoushi-hojo.jp/assets/pdf/koufu/outline_41.pdf
s1_outline_42,1次,株式会社山田ドビー,2,coordinate_cost_box_char_reconstruction,"事業費 59億円
（補助額） （18億円）",5900,1800,億円,億円,30.5085,整合,1,https://seichotoushi-hojo.jp/assets/pdf/koufu/outline_42.pdf
s1_outline_43,1次,丸井産業株式会社,2,coordinate_cost_box_char_reconstruction,"事業費 102億円
（補助額） （30億円）",10200,3000,億円,億円,29.4118,Box内補足金額あり,1,https://seichotoushi-hojo.jp/assets/pdf/koufu/outline_43.pdf
s1_outline_45,1次,山本ビニター株式会社,2,coordinate_cost_box_char_reconstruction,"事業費 26億円
（補助額） （8.2億円）",2600,820,億円,億円,31.5385,整合,1,https://seichotoushi-hojo.jp/assets/pdf/koufu/outline_45.pdf
s1_outline_46,1次,株式会社アイスコ,2,coordinate_cost_box_char_reconstruction,"事業費 35億円
（補助額） （11億円）",3500,1100,億円,億円,31.4286,整合,1,https://seichotoushi-hojo.jp/assets/pdf/koufu/outline_46.pdf
s1_outline_47,1次,ポーライト株式会社,2,coordinate_cost_box_char_reconstruction,"事業費 31億円
（補助額） （8.2億円）",3100,820,億円,億円,26.4516,整合,1,https://seichotoushi-hojo.jp/assets/pdf/koufu/outline_47.pdf
s1_outline_48,1次,SINGS株式会社,2,coordinate_cost_box_char_reconstruction,"事業費 31億円
（補助額） （9.6億円）",3100,960,億円,億円,30.9677,整合,1,https://seichotoushi-hojo.jp/assets/pdf/koufu/outline_48.pdf
s1_outline_49,1次,株式会社ＡＫシステム,2,coordinate_cost_box_char_reconstruction,"事業費 11億円
（補助額） （3.5億円）",1100,350,億円,億円,31.8182,整合,1,https://seichotoushi-hojo.jp/assets/pdf/koufu/outline_49.pdf
s1_outline_5,1次,大森機械工業株式会社,2,rendered_cost_box_visual_verification,"事業費 36億円
（補助額） （11億円）",3600,1100,億円,億円,30.5556,目視検証済,1,https://seichotoushi-hojo.jp/assets/pdf/koufu/outline_5.pdf
s1_outline_50,1次,株式会社松尾製作所,2,coordinate_cost_box_char_reconstruction,"事業費 109億円
（補助額） （35億円）",10900,3500,億円,億円,32.1101,整合,1,https://seichotoushi-hojo.jp/assets/pdf/koufu/outline_50.pdf
s1_outline_51,1次,株式会社西部技研,2,coordinate_cost_box_char_reconstruction,"事業費 34億円
（補助額） （10億円）",3400,1000,億円,億円,29.4118,整合,1,https://seichotoushi-hojo.jp/assets/pdf/koufu/outline_51.pdf
s1_outline_52,1次,株式会社平島,2,coordinate_cost_box_char_reconstruction,"事業費 43億円
（補助額） （13億円）",4300,1300,億円,億円,30.2326,整合,1,https://seichotoushi-hojo.jp/assets/pdf/koufu/outline_52.pdf
s1_outline_53,1次,マルコーフーズ株式会社,2,coordinate_cost_box_char_reconstruction,"事業費 41億円
（補助額） （13億円）",4100,1300,億円,億円,31.7073,整合,1,https://seichotoushi-hojo.jp/assets/pdf/koufu/outline_53.pdf
s1_outline_55,1次,株式会社コーヨークリエイト,2,coordinate_cost_box_char_reconstruction,"事業費 15億円
（補助額） （4.8億円）",1500,480,億円,億円,32,整合,1,https://seichotoushi-hojo.jp/assets/pdf/koufu/outline_55.pdf
s1_outline_56,1次,高知通運株式会社,2,coordinate_cost_box_char_reconstruction,"事業費 36億円
（補助額） （11億円）",3600,1100,億円,億円,30.5556,整合,1,https://seichotoushi-hojo.jp/assets/pdf/koufu/outline_56.pdf
s1_outline_58,1次,三晶エムイーシー株式会社,2,coordinate_cost_box_char_reconstruction,"事業費 33億円
（補助額） （11億円）",3300,1100,億円,億円,33.3333,整合,1,https://seichotoushi-hojo.jp/assets/pdf/koufu/outline_58.pdf
s1_outline_61,1次,三恵工業株式会社,2,rendered_cost_box_visual_verification,"事業費 117億円
（補助額） （37億円）",11700,3700,億円,億円,31.6239,目視検証済,0,https://seichotoushi-hojo.jp/assets/pdf/koufu/outline_61.pdf
s1_outline_62,1次,サーパス工業株式会社,2,coordinate_cost_box_char_reconstruction,"事業費 200億円
（補助額） （50億円）",20000,5000,億円,億円,25,整合,1,https://seichotoushi-hojo.jp/assets/pdf/koufu/outline_62.pdf
s1_outline_63,1次,株式会社オティックスホールディングス,2,coordinate_cost_box_char_reconstruction,"事業費 166億円
（補助額） （50億円）",16600,5000,億円,億円,30.1205,整合,1,https://seichotoushi-hojo.jp/assets/pdf/koufu/outline_63.pdf
s1_outline_65,1次,株式会社松風,2,coordinate_cost_box_char_reconstruction,"事業費 22億円
（補助額） （6.6億円）",2200,660,億円,億円,30,整合,1,https://seichotoushi-hojo.jp/assets/pdf/koufu/outline_65.pdf
s1_outline_66,1次,株式会社アルプスツール,2,coordinate_cost_box_char_reconstruction,"事業費 21億円
（補助額） （6.6億円）",2100,660,億円,億円,31.4286,整合,1,https://seichotoushi-hojo.jp/assets/pdf/koufu/outline_66.pdf
s1_outline_67,1次,アドバンス電気工業株式会社,2,coordinate_cost_box_char_reconstruction,"事業費 32億円
（補助額） （8.9億円）",3200,890,億円,億円,27.8125,整合,1,https://seichotoushi-hojo.jp/assets/pdf/koufu/outline_67.pdf
s1_outline_68,1次,株式会社ミマキエンジニアリング,2,coordinate_cost_box_char_reconstruction,"事業費 16億円
（補助額） （4.2億円）",1600,420,億円,億円,26.25,整合,1,https://seichotoushi-hojo.jp/assets/pdf/koufu/outline_68.pdf
s1_outline_69,1次,NAX JAPAN株式会社,2,coordinate_cost_box_char_reconstruction,"事業費 14億円
（補助額） （4.7億円）",1400,470,億円,億円,33.5714,整合,1,https://seichotoushi-hojo.jp/assets/pdf/koufu/outline_69.pdf
s1_outline_7,1次,株式会社ＭＡＲＵＷＡ,2,coordinate_cost_box_char_reconstruction,"事業費 127億円
（補助額） （35億円）",12700,3500,億円,億円,27.5591,整合,1,https://seichotoushi-hojo.jp/assets/pdf/koufu/outline_7.pdf
s1_outline_70,1次,協和工業株式会社,2,coordinate_cost_box_char_reconstruction,"事業費 22億円
（補助額） （7.3億円）",2200,730,億円,億円,33.1818,整合,1,https://seichotoushi-hojo.jp/assets/pdf/koufu/outline_70.pdf
s1_outline_71,1次,株式会社北四国グラビア印刷,2,coordinate_cost_box_char_reconstruction,"事業費 29億円
（補助額） （8.7億円）",2900,870,億円,億円,30,整合,1,https://seichotoushi-hojo.jp/assets/pdf/koufu/outline_71.pdf
s1_outline_72,1次,ヤマセ電気株式会社,2,coordinate_cost_box_char_reconstruction,"事業費 29億円
（補助額） （7.2億円）",2900,720,億円,億円,24.8276,整合,1,https://seichotoushi-hojo.jp/assets/pdf/koufu/outline_72.pdf
s1_outline_73,1次,株式会社大昌鉄工所,2,coordinate_cost_box_char_reconstruction,"事業費 23億円
（補助額） （7.5億円）",2300,750,億円,億円,32.6087,整合,1,https://seichotoushi-hojo.jp/assets/pdf/koufu/outline_73.pdf
s1_outline_74,1次,株式会社ユニシス,2,coordinate_cost_box_char_reconstruction,"事業費 16億円
（補助額） （5.1億円）",1600,510,億円,億円,31.875,整合,1,https://seichotoushi-hojo.jp/assets/pdf/koufu/outline_74.pdf
s1_outline_75,1次,株式会社伝食,2,coordinate_cost_box_char_reconstruction,"事業費 40億円
（補助額） （11.8億円）",4000,1180,億円,億円,29.5,整合,1,https://seichotoushi-hojo.jp/assets/pdf/koufu/outline_75.pdf
s1_outline_76,1次,安田工業株式会社,4,rendered_cost_box_visual_verification,"事業費 20億円
（補助額） （6.2億円）",2000,620,億円,億円,31,目視検証済,1,https://seichotoushi-hojo.jp/assets/pdf/koufu/outline_76.pdf
s1_outline_77,1次,千寿製薬株式会社,2,coordinate_cost_box_char_reconstruction,"事業費 103億円
（補助額） （32億円）",10300,3200,億円,億円,31.068,整合,1,https://seichotoushi-hojo.jp/assets/pdf/koufu/outline_77.pdf
s1_outline_78,1次,環境のミカタ株式会社,2,coordinate_cost_box_char_reconstruction,"事業費 28億円
（補助額） （9.0億円）",2800,900,億円,億円,32.1429,整合,1,https://seichotoushi-hojo.jp/assets/pdf/koufu/outline_78.pdf
s1_outline_79,1次,スーパー工業株式会社,2,coordinate_cost_box_char_reconstruction,"事業費 19億円
（補助額） （6.2億円）",1900,620,億円,億円,32.6316,整合,1,https://seichotoushi-hojo.jp/assets/pdf/koufu/outline_79.pdf
s1_outline_8,1次,サムテック株式会社,2,coordinate_cost_box_char_reconstruction,"事業費 77億円
（補助額） （22億円）",7700,2200,億円,億円,28.5714,整合,1,https://seichotoushi-hojo.jp/assets/pdf/koufu/outline_8.pdf
s1_outline_80,1次,寧薬化学工業株式会社,2,coordinate_cost_box_char_reconstruction,"事業費 38億円
（補助額） （12億円）",3800,1200,億円,億円,31.5789,整合,1,https://seichotoushi-hojo.jp/assets/pdf/koufu/outline_80.pdf
s1_outline_81,1次,デーバー加工サービス㈱,2,coordinate_cost_box_char_reconstruction,"事業費 21億円
（補助額） （6.7億円）",2100,670,億円,億円,31.9048,整合,1,https://seichotoushi-hojo.jp/assets/pdf/koufu/outline_81.pdf
s1_outline_82,1次,サン工業株式会社,2,coordinate_cost_box_char_reconstruction,"事業費 39億円
（補助額） （13億円）",3900,1300,億円,億円,33.3333,整合,1,https://seichotoushi-hojo.jp/assets/pdf/koufu/outline_82.pdf
s1_outline_83,1次,株式会社ヒサダ,2,coordinate_cost_box_char_reconstruction,"事業費 19億円
（補助額） （4.4億円）",1900,440,億円,億円,23.1579,整合,1,https://seichotoushi-hojo.jp/assets/pdf/koufu/outline_83.pdf
s1_outline_84,1次,株式会社マグナ・ワイヤレス,2,coordinate_cost_box_char_reconstruction,"事業費 21億円
（補助額） （5.9億円）",2100,590,億円,億円,28.0952,整合,1,https://seichotoushi-hojo.jp/assets/pdf/koufu/outline_84.pdf
s1_outline_85,1次,マルコ工業株式会社,2,coordinate_cost_box_char_reconstruction,"事業費 37億円
（補助額） （12億円）",3700,1200,億円,億円,32.4324,整合,1,https://seichotoushi-hojo.jp/assets/pdf/koufu/outline_85.pdf
s1_outline_86,1次,グローバル・テック株式会社,2,rendered_cost_box_visual_verification,"事業費 41億円
（補助額） （13億円）",4100,1300,億円,億円,31.7073,目視検証済,0,https://seichotoushi-hojo.jp/assets/pdf/koufu/outline_86.pdf
s1_outline_87,1次,トーカロ株式会社,2,coordinate_cost_box_char_reconstruction,"事業費 112億円
（補助額） （34億円）",11200,3400,億円,億円,30.3571,整合,1,https://seichotoushi-hojo.jp/assets/pdf/koufu/outline_87.pdf
s1_outline_88,1次,株式会社創味食品,2,coordinate_cost_box_char_reconstruction,"事業費 134億円
（補助額） （41億円）",13400,4100,億円,億円,30.597,整合,1,https://seichotoushi-hojo.jp/assets/pdf/koufu/outline_88.pdf
s1_outline_89,1次,京西テクノス株式会社,2,coordinate_cost_box_char_reconstruction,"事業費 25億円
（補助額） （7.9億円）",2500,790,億円,億円,31.6,整合,1,https://seichotoushi-hojo.jp/assets/pdf/koufu/outline_89.pdf
s1_outline_9,1次,株式会社Pale Blue,2,coordinate_cost_box_char_reconstruction,"事業費 13億円
（補助額） （3.4億円）",1300,340,億円,億円,26.1538,整合,1,https://seichotoushi-hojo.jp/assets/pdf/koufu/outline_9.pdf
s1_outline_91,1次,矢田工業株式会社,2,coordinate_cost_box_char_reconstruction,"事業費 20億円
（補助額） （6.7億円）",2000,670,億円,億円,33.5,整合,1,https://seichotoushi-hojo.jp/assets/pdf/koufu/outline_91.pdf
s1_outline_92,1次,アサヒフォージ株式会社,2,coordinate_cost_box_char_reconstruction,"事業費 168億円
（補助額） （50億円）",16800,5000,億円,億円,29.7619,整合,1,https://seichotoushi-hojo.jp/assets/pdf/koufu/outline_92.pdf
s1_outline_93,1次,ウイング株式会社,2,coordinate_cost_box_char_reconstruction,"事業費 21億円
（補助額） （6.6億円）",2100,660,億円,億円,31.4286,整合,1,https://seichotoushi-hojo.jp/assets/pdf/koufu/outline_93.pdf
s1_outline_94,1次,株式会社友和環境,2,coordinate_cost_box_char_reconstruction,"事業費 16億円
（補助額） （5.3億円）",1600,530,億円,億円,33.125,整合,1,https://seichotoushi-hojo.jp/assets/pdf/koufu/outline_94.pdf
s1_outline_95,1次,ナミックス株式会社,2,coordinate_cost_box_char_reconstruction,"事業費 229億円
（補助額） （50億円）",22900,5000,億円,億円,21.8341,整合,1,https://seichotoushi-hojo.jp/assets/pdf/koufu/outline_95.pdf
s1_outline_96,1次,大岡技研株式会社,2,coordinate_cost_box_char_reconstruction,"事業費 52億円
（補助額） （15億円）",5200,1500,億円,億円,28.8462,整合,1,https://seichotoushi-hojo.jp/assets/pdf/koufu/outline_96.pdf
s1_outline_97,1次,フクシマガリレイ株式会社,5,coordinate_cost_box_char_reconstruction,"事業費 137億円
（補助額） （28億円）",13700,2800,億円,億円,20.438,整合,1,https://seichotoushi-hojo.jp/assets/pdf/koufu/outline_97.pdf
s1_outline_99,1次,株式会社オーレック,2,coordinate_cost_box_char_reconstruction,"事業費 54億円
（補助額） （16億円）",5400,1600,億円,億円,29.6296,整合,1,https://seichotoushi-hojo.jp/assets/pdf/koufu/outline_99.pdf
s1_outline__179,2次,アサヒセイレン中部株式会社,2,coordinate_cost_box_char_reconstruction,"事業費 188億円
（補助額） （50億円）",18800,5000,億円,億円,26.5957,整合,1,https://seichotoushi-hojo.jp/assets/pdf/koufu/outline__179.pdf
s1_outline__181,2次,株式会社ホテルニューアワジ,6,coordinate_cost_box_char_reconstruction,"事業費 82億円
（補助額） （26億円）",8200,2600,億円,億円,31.7073,Box内補足金額あり,1,https://seichotoushi-hojo.jp/assets/pdf/koufu/outline__181.pdf
s1_outline__182,2次,埼玉機器株式会社,2,coordinate_cost_box_char_reconstruction,"事業費 91億円
（補助額） （25億円）",9100,2500,億円,億円,27.4725,整合,1,https://seichotoushi-hojo.jp/assets/pdf/koufu/outline__182.pdf
s1_outline__183,2次,スズキハイテック株式会社,2,coordinate_cost_box_char_reconstruction,"事業費 33億円
（補助額） （8.9億円）",3300,890,億円,億円,26.9697,整合,1,https://seichotoushi-hojo.jp/assets/pdf/koufu/outline__183.pdf
s1_outline__184,2次,泉南乳業株式会社,2,coordinate_cost_box_char_reconstruction,"事業費 12億円
（補助額） （1.3億円）",1200,130,億円,億円,10.8333,整合,1,https://seichotoushi-hojo.jp/assets/pdf/koufu/outline__184.pdf
s1_outline__188,2次,山城金属株式会社,2,rendered_cost_box_visual_verification,"事業費 15億円
（補助額） （5.0億円）",1500,500,億円,億円,33.3333,目視検証済,1,https://seichotoushi-hojo.jp/assets/pdf/koufu/outline__188.pdf
s1_outline__189,2次,長﨑ジャッキ株式会社,2,coordinate_cost_box_char_reconstruction,"事業費 22億円
（補助額） （6.3億円）",2200,630,億円,億円,28.6364,整合,1,https://seichotoushi-hojo.jp/assets/pdf/koufu/outline__189.pdf
s1_outline__190,2次,株式会社GOTENリゾート,2,coordinate_cost_box_char_reconstruction,"事業費 ２8億円
（補助額） （８.0億円）",2800,800,億円,億円,28.5714,整合,1,https://seichotoushi-hojo.jp/assets/pdf/koufu/outline__190.pdf
s1_outline__191,2次,株式会社カナイ,2,coordinate_cost_box_char_reconstruction,"事業費 45億円
（補助額） （6.9億円）",4500,690,億円,億円,15.3333,整合,1,https://seichotoushi-hojo.jp/assets/pdf/koufu/outline__191.pdf
s1_outline__192,2次,池田糖化工業株式会社,2,coordinate_cost_box_char_reconstruction,"事業費 162億円
（補助額） （50億円）",16200,5000,億円,億円,30.8642,整合,1,https://seichotoushi-hojo.jp/assets/pdf/koufu/outline__192.pdf
s1_outline__194,2次,ZACROS株式会社,2,coordinate_cost_box_char_reconstruction,"事業費 129億円
（補助額） （41億円）",12900,4100,億円,億円,31.7829,整合,1,https://seichotoushi-hojo.jp/assets/pdf/koufu/outline__194.pdf
s1_outline__195,2次,アシザワ・ファインテック株式会社,2,coordinate_cost_box_char_reconstruction,"事業費 25億円
（補助額） （8.1億円）",2500,810,億円,億円,32.4,整合,1,https://seichotoushi-hojo.jp/assets/pdf/koufu/outline__195.pdf
s1_outline__196,2次,株式会社八立製作所,2,coordinate_cost_box_char_reconstruction,"事業費 13億円
（補助額） （4.2億円）",1300,420,億円,億円,32.3077,整合,1,https://seichotoushi-hojo.jp/assets/pdf/koufu/outline__196.pdf
s1_outline__197,2次,株式会社福山臨床検査センター,2,coordinate_cost_box_char_reconstruction,"事業費 17億円
（補助額） （4.4億円）",1700,440,億円,億円,25.8824,整合,1,https://seichotoushi-hojo.jp/assets/pdf/koufu/outline__197.pdf
s1_outline__198,2次,ユニコム株式会社,2,coordinate_cost_box_char_reconstruction,"事業費 18億円
（補助額） （5.0億円）",1800,500,億円,億円,27.7778,整合,1,https://seichotoushi-hojo.jp/assets/pdf/koufu/outline__198.pdf
s1_outline__199,2次,株式会社ティー・シー・ピー,3,coordinate_cost_box_char_reconstruction,"事業費 21億円
（補助額） （7.0億円）",2100,700,億円,億円,33.3333,整合,1,https://seichotoushi-hojo.jp/assets/pdf/koufu/outline__199.pdf
s1_outline__200,2次,株式会社イズミテクノ,2,coordinate_cost_box_char_reconstruction,"事業費 17億円
（補助額） （5.3億円）",1700,530,億円,億円,31.1765,整合,1,https://seichotoushi-hojo.jp/assets/pdf/koufu/outline__200.pdf
s1_outline__201,2次,株式会社イートアンドフーズ,2,coordinate_cost_box_char_reconstruction,"事業費 67億円
（補助額） （21億円）",6700,2100,億円,億円,31.3433,整合,1,https://seichotoushi-hojo.jp/assets/pdf/koufu/outline__201.pdf
s1_outline__202,2次,アライドコーヒーロースターズ株式会社,2,coordinate_cost_box_char_reconstruction,"事業費 54億円
（補助額） （16億円）",5400,1600,億円,億円,29.6296,整合,1,https://seichotoushi-hojo.jp/assets/pdf/koufu/outline__202.pdf
s1_outline__203,2次,株式会社東映京都スタジオ,2,coordinate_cost_box_char_reconstruction,"事業費 35億円
（補助額） （9.5億円）",3500,950,億円,億円,27.1429,整合,1,https://seichotoushi-hojo.jp/assets/pdf/koufu/outline__203.pdf
s1_outline__204,2次,メック株式会社,2,coordinate_cost_box_char_reconstruction,"事業費 23億円
（補助額） （5.5億円）",2300,550,億円,億円,23.913,整合,1,https://seichotoushi-hojo.jp/assets/pdf/koufu/outline__204.pdf
s1_outline__205,2次,ヤマシンスチール株式会社,2,coordinate_cost_box_char_reconstruction,"事業費 29億円
（補助額） （8.3億円）",2900,830,億円,億円,28.6207,整合,1,https://seichotoushi-hojo.jp/assets/pdf/koufu/outline__205.pdf
s1_outline__206,2次,上山製紙株式会社,2,coordinate_cost_box_char_reconstruction,"事業費 30億円
（補助額） （9.9億円）",3000,990,億円,億円,33,整合,1,https://seichotoushi-hojo.jp/assets/pdf/koufu/outline__206.pdf
s1_outline__207,2次,株式会社ジェイ・イー・ティ,2,rendered_cost_box_visual_verification,"事業費 115億円
（補助額） （38億円）",11500,3800,億円,億円,33.0435,目視検証済,1,https://seichotoushi-hojo.jp/assets/pdf/koufu/outline__207.pdf
s1_outline__208,2次,日本電波工業株式会社,2,coordinate_cost_box_char_reconstruction,"事業費 10４億円
（補助額） （31億円）",10400,3100,億円,億円,29.8077,整合,1,https://seichotoushi-hojo.jp/assets/pdf/koufu/outline__208.pdf
s2_outline_1,3次,株式会社角藤,2,coordinate_cost_box_char_reconstruction,"事業費 21億円
（補助額） （5.3億円）",2100,530,億円,億円,25.2381,整合,1,https://seichotoushi-hojo.jp/assets/pdf/koufu_3_4ji/outline_1.pdf
s2_outline_101,3次,安藤パラケミー株式会社,2,coordinate_cost_box_char_reconstruction,"事業費 40億円
（補助額） （13億円）",4000,1300,億円,億円,32.5,整合,1,https://seichotoushi-hojo.jp/assets/pdf/koufu_3_4ji/outline_101.pdf
s2_outline_103,3次,ベストアメニティ株式会社,2,rendered_cost_box_visual_verification,"事業費 51億円
（補助額） （17億円）",5100,1700,億円,億円,33.3333,目視検証済,1,https://seichotoushi-hojo.jp/assets/pdf/koufu_3_4ji/outline_103.pdf
s2_outline_104,3次,アイサービス株式会社,3,coordinate_cost_box_char_reconstruction,"事業費 82億円
（補助額） （21億円）",8200,2100,億円,億円,25.6098,整合,1,https://seichotoushi-hojo.jp/assets/pdf/koufu_3_4ji/outline_104.pdf
s2_outline_105,3次,株式会社シード,2,coordinate_cost_box_char_reconstruction,"事業費 127億円
（補助額） （41億円）",12700,4100,億円,億円,32.2835,整合,1,https://seichotoushi-hojo.jp/assets/pdf/koufu_3_4ji/outline_105.pdf
s2_outline_106,3次,河淳株式会社,2,coordinate_cost_box_char_reconstruction,"事業費 85億円
（補助額） （23億円）",8500,2300,億円,億円,27.0588,整合,1,https://seichotoushi-hojo.jp/assets/pdf/koufu_3_4ji/outline_106.pdf
s2_outline_108,3次,株式会社丸杉,2,coordinate_cost_box_char_reconstruction,"事業費 12億円
（補助額） （3.9億円）",1200,390,億円,億円,32.5,整合,1,https://seichotoushi-hojo.jp/assets/pdf/koufu_3_4ji/outline_108.pdf
s2_outline_109,3次,株式会社ヤマイシ,2,coordinate_cost_box_char_reconstruction,"事業費 26億円
（補助額） （7.7億円）",2600,770,億円,億円,29.6154,整合,1,https://seichotoushi-hojo.jp/assets/pdf/koufu_3_4ji/outline_109.pdf
s2_outline_11,3次,たまご＆ファーマーズ株式会社,2,coordinate_cost_box_char_reconstruction,"事業費 75億円
（補助額） （25億円）",7500,2500,億円,億円,33.3333,整合,1,https://seichotoushi-hojo.jp/assets/pdf/koufu_3_4ji/outline_11.pdf
s2_outline_110,3次,学校法人花沢学園,2,coordinate_cost_box_char_reconstruction,"事業費 29億円
（補助額） （6.8億円）",2900,680,億円,億円,23.4483,整合,1,https://seichotoushi-hojo.jp/assets/pdf/koufu_3_4ji/outline_110.pdf
s2_outline_12,3次,株式会社フルサワ,2,coordinate_cost_box_char_reconstruction,"事業費 43億円
（補助額） （14億円）",4300,1400,億円,億円,32.5581,整合,1,https://seichotoushi-hojo.jp/assets/pdf/koufu_3_4ji/outline_12.pdf
s2_outline_123,3次,東洋ケアサービス株式会社,2,coordinate_cost_box_char_reconstruction,"事業費 22億円
（補助額） （6.7億円）",2200,670,億円,億円,30.4545,整合,1,https://seichotoushi-hojo.jp/assets/pdf/koufu_3_4ji/outline_123.pdf
s2_outline_128,3次,株式会社タカラ倉庫運輸サービス,2,coordinate_cost_box_char_reconstruction,"事業費 46億円
（補助額） （14億円）",4600,1400,億円,億円,30.4348,整合,1,https://seichotoushi-hojo.jp/assets/pdf/koufu_3_4ji/outline_128.pdf
s2_outline_13,3次,フジセイコー株式会社,2,coordinate_cost_box_char_reconstruction,"事業費 16億円
（補助額） （5.0億円）",1600,500,億円,億円,31.25,整合,1,https://seichotoushi-hojo.jp/assets/pdf/koufu_3_4ji/outline_13.pdf
s2_outline_14,3次,スギムラ化学工業株式会社,2,coordinate_cost_box_char_reconstruction,"事業費 47億円
（補助額） （12億円）",4700,1200,億円,億円,25.5319,整合,1,https://seichotoushi-hojo.jp/assets/pdf/koufu_3_4ji/outline_14.pdf
s2_outline_140,3次,都吹株式会社,2,coordinate_cost_box_char_reconstruction,"事業費 32億円
（補助額） （10億円）",3200,1000,億円,億円,31.25,整合,1,https://seichotoushi-hojo.jp/assets/pdf/koufu_3_4ji/outline_140.pdf
s2_outline_15,3次,賀谷セロファン株式会社,2,coordinate_cost_box_char_reconstruction,"事業費 31億円
（補助額） （7.5億円）",3100,750,億円,億円,24.1935,整合,1,https://seichotoushi-hojo.jp/assets/pdf/koufu_3_4ji/outline_15.pdf
s2_outline_151,3次,株式会社清水インダストリ－,2,coordinate_cost_box_char_reconstruction,"事業費 15億円
（補助額） （4.8億円）",1500,480,億円,億円,32,整合,1,https://seichotoushi-hojo.jp/assets/pdf/koufu_3_4ji/outline_151.pdf
s2_outline_16,3次,株式会社ヤマキ,2,coordinate_cost_box_char_reconstruction,"事業費 41億円
（補助額） （13億円）",4100,1300,億円,億円,31.7073,整合,1,https://seichotoushi-hojo.jp/assets/pdf/koufu_3_4ji/outline_16.pdf
s2_outline_17,3次,日生流通運輸倉庫株式会社,2,coordinate_cost_box_char_reconstruction,"事業費 81億円
（補助額） （17億円）",8100,1700,億円,億円,20.9877,整合,1,https://seichotoushi-hojo.jp/assets/pdf/koufu_3_4ji/outline_17.pdf
s2_outline_173,3次,栄屋乳業株式会社,2,coordinate_cost_box_char_reconstruction,"事業費 61億円
（補助額） （20億円）",6100,2000,億円,億円,32.7869,整合,1,https://seichotoushi-hojo.jp/assets/pdf/koufu_3_4ji/outline_173.pdf
s2_outline_18,3次,DOWAパワーデバイス株式会社,2,coordinate_cost_box_char_reconstruction,"事業費 46億円
（補助額） （14億円）",4600,1400,億円,億円,30.4348,整合,1,https://seichotoushi-hojo.jp/assets/pdf/koufu_3_4ji/outline_18.pdf
s2_outline_185,3次,三日月興業株式会社,2,coordinate_cost_box_char_reconstruction,"事業費 11億円
（補助額） （2.8億円）",1100,280,億円,億円,25.4545,整合,1,https://seichotoushi-hojo.jp/assets/pdf/koufu_3_4ji/outline_185.pdf
s2_outline_186,3次,株式会社PXP,2,coordinate_cost_box_char_reconstruction,"事業費 37億円
（補助額） （9.6億円）",3700,960,億円,億円,25.9459,整合,1,https://seichotoushi-hojo.jp/assets/pdf/koufu_3_4ji/outline_186.pdf
s2_outline_188,3次,株式会社ユビタス,2,coordinate_cost_box_char_reconstruction,"事業費 176億円
（補助額） （50億円）",17600,5000,億円,億円,28.4091,整合,1,https://seichotoushi-hojo.jp/assets/pdf/koufu_3_4ji/outline_188.pdf
s2_outline_19,3次,株式会社高木製作所,2,coordinate_cost_box_char_reconstruction,"事業費 94億円
（補助額） （23億円）",9400,2300,億円,億円,24.4681,整合,1,https://seichotoushi-hojo.jp/assets/pdf/koufu_3_4ji/outline_19.pdf
s2_outline_190,3次,伊藤光学工業株式会社,2,coordinate_cost_box_char_reconstruction,"事業費 47億円
（補助額） （15億円）",4700,1500,億円,億円,31.9149,整合,1,https://seichotoushi-hojo.jp/assets/pdf/koufu_3_4ji/outline_190.pdf
s2_outline_197,3次,株式会社ファイン,2,coordinate_cost_box_char_reconstruction,"事業費 36億円
（補助額） （11億円）",3600,1100,億円,億円,30.5556,整合,1,https://seichotoushi-hojo.jp/assets/pdf/koufu_3_4ji/outline_197.pdf
s2_outline_2,3次,ガイア株式会社,2,coordinate_cost_box_char_reconstruction,"事業費 50億円
（補助額） （17億円）",5000,1700,億円,億円,34,整合,1,https://seichotoushi-hojo.jp/assets/pdf/koufu_3_4ji/outline_2.pdf
s2_outline_205,3次,八戸酒造株式会社,2,coordinate_cost_box_char_reconstruction,"事業費 26億円
（補助額） （6.5億円）",2600,650,億円,億円,25,整合,1,https://seichotoushi-hojo.jp/assets/pdf/koufu_3_4ji/outline_205.pdf
s2_outline_209,3次,株式会社ファーストダウン,2,coordinate_cost_box_char_reconstruction,"事業費 31億円
（補助額） （10億円）",3100,1000,億円,億円,32.2581,整合,1,https://seichotoushi-hojo.jp/assets/pdf/koufu_3_4ji/outline_209.pdf
s2_outline_21,3次,健栄製薬株式会社,2,coordinate_cost_box_char_reconstruction,"事業費 117億円
（補助額） （35億円）",11700,3500,億円,億円,29.9145,整合,1,https://seichotoushi-hojo.jp/assets/pdf/koufu_3_4ji/outline_21.pdf
s2_outline_212,3次,キングパーツ株式会社,2,coordinate_cost_box_char_reconstruction,"事業費 34億円
（補助額） （11億円）",3400,1100,億円,億円,32.3529,整合,1,https://seichotoushi-hojo.jp/assets/pdf/koufu_3_4ji/outline_212.pdf
s2_outline_214,3次,株式会社 八天堂,2,coordinate_cost_box_char_reconstruction,"事業費 26億円
（補助額） （8.3億円）",2600,830,億円,億円,31.9231,整合,1,https://seichotoushi-hojo.jp/assets/pdf/koufu_3_4ji/outline_214.pdf
s2_outline_215,3次,昭和化工株式会社,2,coordinate_cost_box_char_reconstruction,"事業費 112億円
（補助額） （18億円）",11200,1800,億円,億円,16.0714,整合,1,https://seichotoushi-hojo.jp/assets/pdf/koufu_3_4ji/outline_215.pdf
s2_outline_216,3次,中本Fine Pack株式会社,2,coordinate_cost_box_char_reconstruction,"事業費 35億円
（補助額） （9.7億円）",3500,970,億円,億円,27.7143,整合,1,https://seichotoushi-hojo.jp/assets/pdf/koufu_3_4ji/outline_216.pdf
s2_outline_22,3次,味覚糖株式会社,2,coordinate_cost_box_char_reconstruction,"事業費 117億円
（補助額） （39億円）",11700,3900,億円,億円,33.3333,整合,1,https://seichotoushi-hojo.jp/assets/pdf/koufu_3_4ji/outline_22.pdf
s2_outline_229,3次,オーディエー株式会社,2,coordinate_cost_box_char_reconstruction,"事業費 31億円
（補助額） （10億円）",3100,1000,億円,億円,32.2581,整合,1,https://seichotoushi-hojo.jp/assets/pdf/koufu_3_4ji/outline_229.pdf
s2_outline_23,3次,大和鋼業株式会社,2,coordinate_cost_box_char_reconstruction,"事業費 39億円
（補助額） （12億円）",3900,1200,億円,億円,30.7692,整合,1,https://seichotoushi-hojo.jp/assets/pdf/koufu_3_4ji/outline_23.pdf
s2_outline_232,3次,株式会社モリシタ,2,coordinate_cost_box_char_reconstruction,"事業費 18億円
（補助額） （4.4億円）",1800,440,億円,億円,24.4444,整合,1,https://seichotoushi-hojo.jp/assets/pdf/koufu_3_4ji/outline_232.pdf
s2_outline_234,3次,日本エア・リキード合同会社,2,coordinate_cost_box_char_reconstruction,"事業費 203億円
（補助額） （50億円）",20300,5000,億円,億円,24.6305,整合,1,https://seichotoushi-hojo.jp/assets/pdf/koufu_3_4ji/outline_234.pdf
s2_outline_24,3次,高知食糧株式会社,2,coordinate_cost_box_char_reconstruction,"事業費 17億円
（補助額） （5.4億円）",1700,540,億円,億円,31.7647,整合,1,https://seichotoushi-hojo.jp/assets/pdf/koufu_3_4ji/outline_24.pdf
s2_outline_25,3次,有限会社ホテル十勝屋,4,coordinate_cost_box_char_reconstruction,"事業費 45億円
（補助額） （13億円）",4500,1300,億円,億円,28.8889,整合,1,https://seichotoushi-hojo.jp/assets/pdf/koufu_3_4ji/outline_25.pdf
s2_outline_26,3次,株式会社ティーケーシン,2,coordinate_cost_box_char_reconstruction,"事業費 21億円
（補助額） （5.0億円）",2100,500,億円,億円,23.8095,整合,1,https://seichotoushi-hojo.jp/assets/pdf/koufu_3_4ji/outline_26.pdf
s2_outline_27,3次,株式会社ライト製作所,2,coordinate_cost_box_char_reconstruction,"事業費 66億円
（補助額） （16億円）",6600,1600,億円,億円,24.2424,整合,1,https://seichotoushi-hojo.jp/assets/pdf/koufu_3_4ji/outline_27.pdf
s2_outline_3,3次,さくら不動産株式会社,3,coordinate_cost_box_char_reconstruction,"事業費 11億円
（補助額） （2.7億円）",1100,270,億円,億円,24.5455,整合,1,https://seichotoushi-hojo.jp/assets/pdf/koufu_3_4ji/outline_3.pdf
s2_outline_30,3次,東洋スクリーン工業株式会社,2,coordinate_cost_box_char_reconstruction,"事業費 33億円
（補助額） （9.1億円）",3300,910,億円,億円,27.5758,整合,1,https://seichotoushi-hojo.jp/assets/pdf/koufu_3_4ji/outline_30.pdf
s2_outline_31,3次,アトム株式会社,2,coordinate_cost_box_char_reconstruction,"事業費 42億円
（補助額） （12億円）",4200,1200,億円,億円,28.5714,整合,1,https://seichotoushi-hojo.jp/assets/pdf/koufu_3_4ji/outline_31.pdf
s2_outline_32,3次,第一物産株式会社,2,coordinate_cost_box_char_reconstruction,"事業費 17億円
（補助額） （5.5億円）",1700,550,億円,億円,32.3529,整合,1,https://seichotoushi-hojo.jp/assets/pdf/koufu_3_4ji/outline_32.pdf
s2_outline_33,3次,株式会社浪速ポンプ製作所,2,coordinate_cost_box_char_reconstruction,"事業費 38億円
（補助額） （8.8億円）",3800,880,億円,億円,23.1579,整合,1,https://seichotoushi-hojo.jp/assets/pdf/koufu_3_4ji/outline_33.pdf
s2_outline_34,3次,フタバ食品株式会社,2,coordinate_cost_box_char_reconstruction,"事業費 168億円
（補助額） （50億円）",16800,5000,億円,億円,29.7619,整合,1,https://seichotoushi-hojo.jp/assets/pdf/koufu_3_4ji/outline_34.pdf
s2_outline_35,3次,株式会社北海道ちぬやファーム,2,coordinate_cost_box_char_reconstruction,"事業費 41億円
（補助額） （11億円）",4100,1100,億円,億円,26.8293,整合,1,https://seichotoushi-hojo.jp/assets/pdf/koufu_3_4ji/outline_35.pdf
s2_outline_37,3次,ノーラエンジニアリング株式会社,2,rendered_cost_box_visual_verification,"事業費 17億円
（補助額） （4.8億円）",1700,480,億円,億円,28.2353,目視検証済,0,https://seichotoushi-hojo.jp/assets/pdf/koufu_3_4ji/outline_37.pdf
s2_outline_39,3次,名古屋東部陸運株式会社,2,coordinate_cost_box_char_reconstruction,"事業費 65億円
（補助額） （21億円）",6500,2100,億円,億円,32.3077,整合,1,https://seichotoushi-hojo.jp/assets/pdf/koufu_3_4ji/outline_39.pdf
s2_outline_40,3次,株式会社英楽,2,coordinate_cost_box_char_reconstruction,"事業費 19億円
（補助額） （6.3億円）",1900,630,億円,億円,33.1579,整合,1,https://seichotoushi-hojo.jp/assets/pdf/koufu_3_4ji/outline_40.pdf
s2_outline_41,3次,藤本化学製品株式会社,2,coordinate_cost_box_char_reconstruction,"事業費 142億円
（補助額） （46億円）",14200,4600,億円,億円,32.3944,整合,1,https://seichotoushi-hojo.jp/assets/pdf/koufu_3_4ji/outline_41.pdf
s2_outline_42,3次,中央製乳株式会社,2,coordinate_cost_box_char_reconstruction,"事業費 66億円
（補助額） （15億円）",6600,1500,億円,億円,22.7273,整合,1,https://seichotoushi-hojo.jp/assets/pdf/koufu_3_4ji/outline_42.pdf
s2_outline_43,3次,近江鍛工株式会社,5,coordinate_cost_box_char_reconstruction,"事業費 24億円
（補助額） （5.9億円）",2400,590,億円,億円,24.5833,整合,1,https://seichotoushi-hojo.jp/assets/pdf/koufu_3_4ji/outline_43.pdf
s2_outline_44,3次,株式会社アヤボ,2,coordinate_cost_box_char_reconstruction,"事業費 18億円
（補助額） （3.4億円）",1800,340,億円,億円,18.8889,整合,1,https://seichotoushi-hojo.jp/assets/pdf/koufu_3_4ji/outline_44.pdf
s2_outline_45,3次,株式会社田中食品興業所,2,coordinate_cost_box_char_reconstruction,"事業費 20億円
（補助額） （6.6億円）",2000,660,億円,億円,33,整合,1,https://seichotoushi-hojo.jp/assets/pdf/koufu_3_4ji/outline_45.pdf
s2_outline_46,3次,カンケンテクノ株式会社,2,coordinate_cost_box_char_reconstruction,"事業費 28億円
（補助額） （8.4億円）",2800,840,億円,億円,30,整合,1,https://seichotoushi-hojo.jp/assets/pdf/koufu_3_4ji/outline_46.pdf
s2_outline_47,3次,INTLOOP株式会社,2,coordinate_cost_box_char_reconstruction,"事業費 15億円
（補助額） （5.1億円）",1500,510,億円,億円,34,整合,1,https://seichotoushi-hojo.jp/assets/pdf/koufu_3_4ji/outline_47.pdf
s2_outline_48,3次,株式会社サンワ,2,coordinate_cost_box_char_reconstruction,"事業費 24億円
（補助額） （7.3億円）",2400,730,億円,億円,30.4167,整合,1,https://seichotoushi-hojo.jp/assets/pdf/koufu_3_4ji/outline_48.pdf
s2_outline_49,3次,白鷺特殊鋼株式会社,2,coordinate_cost_box_char_reconstruction,"事業費 36億円
（補助額） （8.5億円）",3600,850,億円,億円,23.6111,整合,1,https://seichotoushi-hojo.jp/assets/pdf/koufu_3_4ji/outline_49.pdf
s2_outline_5,3次,奥長良川名水株式会社,2,coordinate_cost_box_char_reconstruction,"事業費 13億円
（補助額） （3.0億円）",1300,300,億円,億円,23.0769,整合,1,https://seichotoushi-hojo.jp/assets/pdf/koufu_3_4ji/outline_5.pdf
s2_outline_51,3次,有楽製菓株式会社,3,coordinate_cost_box_char_reconstruction,"事業費 25億円
（補助額） （8.3億円）",2500,830,億円,億円,33.2,整合,1,https://seichotoushi-hojo.jp/assets/pdf/koufu_3_4ji/outline_51.pdf
s2_outline_52,3次,株式会社GYXUS,2,coordinate_cost_box_char_reconstruction,"事業費 98億円
（補助額） （26億円）",9800,2600,億円,億円,26.5306,整合,1,https://seichotoushi-hojo.jp/assets/pdf/koufu_3_4ji/outline_52.pdf
s2_outline_58,3次,巴工業株式会社,2,coordinate_cost_box_char_reconstruction,"事業費 52億円
（補助額） （13億円）",5200,1300,億円,億円,25,整合,1,https://seichotoushi-hojo.jp/assets/pdf/koufu_3_4ji/outline_58.pdf
s2_outline_6,3次,株式会社上野凮月堂,2,coordinate_cost_box_char_reconstruction,"事業費 63億円
（補助額） （18億円）",6300,1800,億円,億円,28.5714,整合,1,https://seichotoushi-hojo.jp/assets/pdf/koufu_3_4ji/outline_6.pdf
s2_outline_60,3次,株式会社トッカコーポレーション,4,coordinate_cost_box_char_reconstruction,"事業費 17億円
（補助額） （5.5億円）",1700,550,億円,億円,32.3529,整合,1,https://seichotoushi-hojo.jp/assets/pdf/koufu_3_4ji/outline_60.pdf
s2_outline_61,3次,株式会社川金コアテック,2,coordinate_cost_box_char_reconstruction,"事業費 40億円
（補助額） （11億円）",4000,1100,億円,億円,27.5,整合,1,https://seichotoushi-hojo.jp/assets/pdf/koufu_3_4ji/outline_61.pdf
s2_outline_62,3次,株式会社エネルギーギャップ,2,coordinate_cost_box_char_reconstruction,"事業費 87億円
（補助額） （26億円）",8700,2600,億円,億円,29.8851,整合,1,https://seichotoushi-hojo.jp/assets/pdf/koufu_3_4ji/outline_62.pdf
s2_outline_63,3次,エックスサーバー株式会社,3,coordinate_cost_box_char_reconstruction,"事業費 35億円
（補助額） （6.8億円）",3500,680,億円,億円,19.4286,整合,1,https://seichotoushi-hojo.jp/assets/pdf/koufu_3_4ji/outline_63.pdf
s2_outline_65,3次,ハビックス株式会社,2,coordinate_cost_box_char_reconstruction,"事業費 36億円
（補助額） （9.8億円）",3600,980,億円,億円,27.2222,整合,1,https://seichotoushi-hojo.jp/assets/pdf/koufu_3_4ji/outline_65.pdf
s2_outline_66,3次,トクセン工業株式会社,2,coordinate_cost_box_char_reconstruction,"事業費 45億円
（補助額） （9.9億円）",4500,990,億円,億円,22,Box内補足金額あり,1,https://seichotoushi-hojo.jp/assets/pdf/koufu_3_4ji/outline_66.pdf
s2_outline_67,3次,千代田空調機器株式会社,5,coordinate_cost_box_char_reconstruction,"事業費 15億円
（補助額） （4.6億円）",1500,460,億円,億円,30.6667,整合,1,https://seichotoushi-hojo.jp/assets/pdf/koufu_3_4ji/outline_67.pdf
s2_outline_68,3次,三友プラントサービス株式会社,2,coordinate_cost_box_char_reconstruction,"事業費 64億円
（補助額） （19億円）",6400,1900,億円,億円,29.6875,整合,1,https://seichotoushi-hojo.jp/assets/pdf/koufu_3_4ji/outline_68.pdf
s2_outline_69,3次,松村フーズ株式会社,2,coordinate_cost_box_char_reconstruction,"事業費 50億円
（補助額） （12億円）",5000,1200,億円,億円,24,整合,1,https://seichotoushi-hojo.jp/assets/pdf/koufu_3_4ji/outline_69.pdf
s2_outline_70,3次,株式会社光製作所,2,coordinate_cost_box_char_reconstruction,"事業費 48億円
（補助額） （12億円）",4800,1200,億円,億円,25,整合,1,https://seichotoushi-hojo.jp/assets/pdf/koufu_3_4ji/outline_70.pdf
s2_outline_71,3次,至誠堂製薬株式会社,2,coordinate_cost_box_char_reconstruction,"事業費 58億円
（補助額） （16億円）",5800,1600,億円,億円,27.5862,整合,1,https://seichotoushi-hojo.jp/assets/pdf/koufu_3_4ji/outline_71.pdf
s2_outline_72,3次,ときわ製作所株式会社,2,coordinate_cost_box_char_reconstruction,"事業費 10億円
（補助額） （2.5億円）",1000,250,億円,億円,25,整合,1,https://seichotoushi-hojo.jp/assets/pdf/koufu_3_4ji/outline_72.pdf
s2_outline_73,3次,株式会社ライジング,3,coordinate_cost_box_char_reconstruction,"事業費 33億円
（補助額） （11億円）",3300,1100,億円,億円,33.3333,整合,1,https://seichotoushi-hojo.jp/assets/pdf/koufu_3_4ji/outline_73.pdf
s2_outline_74,3次,株式会社山福,3,coordinate_cost_box_char_reconstruction,"事業費 51億円
（補助額） （16億円）",5100,1600,億円,億円,31.3725,整合,1,https://seichotoushi-hojo.jp/assets/pdf/koufu_3_4ji/outline_74.pdf
s2_outline_77,3次,株式会社やまみ,2,coordinate_cost_box_char_reconstruction,"事業費 56億円
（補助額） （18億円）",5600,1800,億円,億円,32.1429,整合,1,https://seichotoushi-hojo.jp/assets/pdf/koufu_3_4ji/outline_77.pdf
s2_outline_78,3次,株式会社宮古島の雪塩,2,coordinate_cost_box_char_reconstruction,"事業費 25億円
（補助額） （8.0億円）",2500,800,億円,億円,32,整合,1,https://seichotoushi-hojo.jp/assets/pdf/koufu_3_4ji/outline_78.pdf
s2_outline_79,3次,大京株式会社,2,coordinate_cost_box_char_reconstruction,"事業費 61億円
（補助額） （20億円）",6100,2000,億円,億円,32.7869,整合,1,https://seichotoushi-hojo.jp/assets/pdf/koufu_3_4ji/outline_79.pdf
s2_outline_8,3次,牛乳石鹸共進社株式会社,2,coordinate_cost_box_char_reconstruction,"事業費 145億円
（補助額） （46億円）",14500,4600,億円,億円,31.7241,整合,1,https://seichotoushi-hojo.jp/assets/pdf/koufu_3_4ji/outline_8.pdf
s2_outline_80,3次,株式会社レイズ,2,coordinate_cost_box_char_reconstruction,"事業費 37億円
（補助額） （12億円）",3700,1200,億円,億円,32.4324,整合,1,https://seichotoushi-hojo.jp/assets/pdf/koufu_3_4ji/outline_80.pdf
s2_outline_81,3次,東亜薬品株式会社,2,coordinate_cost_box_char_reconstruction,"事業費 190億円
（補助額） （46億円）",19000,4600,億円,億円,24.2105,整合,1,https://seichotoushi-hojo.jp/assets/pdf/koufu_3_4ji/outline_81.pdf
s2_outline_82,3次,ハマダレクテック株式会社,2,coordinate_cost_box_char_reconstruction,"事業費 106億円
（補助額） （35億円）",10600,3500,億円,億円,33.0189,整合,1,https://seichotoushi-hojo.jp/assets/pdf/koufu_3_4ji/outline_82.pdf
s2_outline_83,3次,株式会社キド,2,coordinate_cost_box_char_reconstruction,"事業費 26億円
（補助額） （5.7億円）",2600,570,億円,億円,21.9231,整合,2,https://seichotoushi-hojo.jp/assets/pdf/koufu_3_4ji/outline_83.pdf
s2_outline_84,3次,株式会社ジョヴィ,3,coordinate_cost_box_char_reconstruction,"事業費 165億円
（補助額） （30億円）",16500,3000,億円,億円,18.1818,整合,1,https://seichotoushi-hojo.jp/assets/pdf/koufu_3_4ji/outline_84.pdf
s2_outline_85,3次,Ｌ物流株式会社,2,coordinate_cost_box_char_reconstruction,"事業費 46億円
（補助額） （14億円）",4600,1400,億円,億円,30.4348,整合,1,https://seichotoushi-hojo.jp/assets/pdf/koufu_3_4ji/outline_85.pdf
s2_outline_86,3次,ヤマトスチール株式会社,2,coordinate_cost_box_char_reconstruction,"事業費 133億円
（補助額） （41億円）",13300,4100,億円,億円,30.8271,整合,1,https://seichotoushi-hojo.jp/assets/pdf/koufu_3_4ji/outline_86.pdf
s2_outline_87,3次,長野牛乳株式会社,2,coordinate_cost_box_char_reconstruction,"事業費 89億円
（補助額） （22億円）",8900,2200,億円,億円,24.7191,整合,1,https://seichotoushi-hojo.jp/assets/pdf/koufu_3_4ji/outline_87.pdf
s2_outline_88,3次,モルツウェル株式会社,2,coordinate_cost_box_char_reconstruction,"事業費 18億円
（補助額） （5.9億円）",1800,590,億円,億円,32.7778,整合,1,https://seichotoushi-hojo.jp/assets/pdf/koufu_3_4ji/outline_88.pdf
s2_outline_89,3次,北海道乳業株式会社,2,coordinate_cost_box_char_reconstruction,"事業費 97億円
（補助額） （29億円）",9700,2900,億円,億円,29.8969,整合,1,https://seichotoushi-hojo.jp/assets/pdf/koufu_3_4ji/outline_89.pdf
s2_outline_9,3次,株式会社マルト水谷,2,coordinate_cost_box_char_reconstruction,"事業費 45億円
（補助額） （15億円）",4500,1500,億円,億円,33.3333,整合,1,https://seichotoushi-hojo.jp/assets/pdf/koufu_3_4ji/outline_9.pdf
s2_outline_90,3次,有価物回収協業組合　石坂グループ,2,coordinate_cost_box_char_reconstruction,"事業費 42億円
（補助額） （12億円）",4200,1200,億円,億円,28.5714,整合,1,https://seichotoushi-hojo.jp/assets/pdf/koufu_3_4ji/outline_90.pdf
s2_outline_91,3次,ＫＩＤＯ　ＰＡＣＫＡＧＩＮＧ株式会社,2,coordinate_cost_box_char_reconstruction,"事業費 46億円
（補助額） （15億円）",4600,1500,億円,億円,32.6087,整合,1,https://seichotoushi-hojo.jp/assets/pdf/koufu_3_4ji/outline_91.pdf
s2_outline_93,3次,東亜工業株式会社,2,coordinate_cost_box_char_reconstruction,"事業費 57億円
（補助額） （19億円）",5700,1900,億円,億円,33.3333,整合,1,https://seichotoushi-hojo.jp/assets/pdf/koufu_3_4ji/outline_93.pdf
s2_outline_94,3次,株式会社富士カーボン製造所,2,coordinate_cost_box_char_reconstruction,"事業費 52億円
（補助額） （15億円）",5200,1500,億円,億円,28.8462,整合,1,https://seichotoushi-hojo.jp/assets/pdf/koufu_3_4ji/outline_94.pdf
s2_outline_95,3次,山崎商事運輸株式会社,2,coordinate_cost_box_char_reconstruction,"事業費 26億円
（補助額） （8.5億円）",2600,850,億円,億円,32.6923,整合,1,https://seichotoushi-hojo.jp/assets/pdf/koufu_3_4ji/outline_95.pdf
s2_outline_96,3次,株式会社フォース,2,coordinate_cost_box_char_reconstruction,"事業費 36億円
（補助額） （7.3億円）",3600,730,億円,億円,20.2778,整合,1,https://seichotoushi-hojo.jp/assets/pdf/koufu_3_4ji/outline_96.pdf
s2_outline_97,3次,中村土建株式会社,2,coordinate_cost_box_char_reconstruction,"事業費 20億円
（補助額） （4.7億円）",2000,470,億円,億円,23.5,整合,1,https://seichotoushi-hojo.jp/assets/pdf/koufu_3_4ji/outline_97.pdf
s2_outline_98,3次,ホーコス株式会社,2,coordinate_cost_box_char_reconstruction,"事業費 30億円
（補助額） （7.1億円）",3000,710,億円,億円,23.6667,整合,1,https://seichotoushi-hojo.jp/assets/pdf/koufu_3_4ji/outline_98.pdf
s2_outline_99,3次,株式会社シュゼット・ホールディングス,4,coordinate_cost_box_char_reconstruction,"事業費 104億円
（補助額） （34億円）",10400,3400,億円,億円,32.6923,整合,1,https://seichotoushi-hojo.jp/assets/pdf/koufu_3_4ji/outline_99.pdf
s2_outline_113,4次,株式会社アダチ,2,coordinate_cost_box_char_reconstruction,"事業費 1,736百万円
（補助額） （409百万円）",1736,409,百万円,百万円,23.5599,整合,1,https://seichotoushi-hojo.jp/assets/pdf/koufu_3_4ji/outline_113.pdf
s2_outline_115,4次,株式会社コスモス食品,2,coordinate_cost_box_char_reconstruction,"事業費 1,684百万円
（補助額） （392百万円）",1684,392,百万円,百万円,23.2779,整合,1,https://seichotoushi-hojo.jp/assets/pdf/koufu_3_4ji/outline_115.pdf
s2_outline_116,4次,奥伊吹観光株式会社,2,coordinate_cost_box_char_reconstruction,"事業費 2,094百万円
（補助額） （670百万円）",2094,670,百万円,百万円,31.9962,整合,1,https://seichotoushi-hojo.jp/assets/pdf/koufu_3_4ji/outline_116.pdf
s2_outline_117,4次,瀬戸内海印刷株式会社,2,coordinate_cost_box_char_reconstruction,"事業費 4,380百万円
（補助額） （1,360百万円）",4380,1360,百万円,百万円,31.0502,整合,1,https://seichotoushi-hojo.jp/assets/pdf/koufu_3_4ji/outline_117.pdf
s2_outline_118,4次,株式会社光洋,2,coordinate_cost_box_char_reconstruction,"事業費 5,191百万円
（補助額） （1,134百万円）",5191,1134,百万円,百万円,21.8455,整合,1,https://seichotoushi-hojo.jp/assets/pdf/koufu_3_4ji/outline_118.pdf
s2_outline_119,4次,株式会社群馬コイケ,2,coordinate_cost_box_char_reconstruction,"事業費 1612百万円
（補助額） （403百万円）",1612,403,百万円,百万円,25,整合,1,https://seichotoushi-hojo.jp/assets/pdf/koufu_3_4ji/outline_119.pdf
s2_outline_120,4次,株式会社クボテック,2,coordinate_cost_box_char_reconstruction,"事業費 1,387百万円
（補助額） （338百万円）",1387,338,百万円,百万円,24.3691,整合,1,https://seichotoushi-hojo.jp/assets/pdf/koufu_3_4ji/outline_120.pdf
s2_outline_121,4次,株式会社ヤマキ食品,2,coordinate_cost_box_char_reconstruction,"事業費 2,994百万円
（補助額） （736百万円）",2994,736,百万円,百万円,24.5825,整合,1,https://seichotoushi-hojo.jp/assets/pdf/koufu_3_4ji/outline_121.pdf
s2_outline_122,4次,杉プラスチック工業株式会社,2,coordinate_cost_box_char_reconstruction,"事業費 20億円
（補助額） （4.9億円）",2000,490,億円,億円,24.5,整合,1,https://seichotoushi-hojo.jp/assets/pdf/koufu_3_4ji/outline_122.pdf
s2_outline_125,4次,株式会社タンケンシールセーコウ,2,coordinate_cost_box_char_reconstruction,"事業費 4,181百万円
（補助額） （1,269百万円）",4181,1269,百万円,百万円,30.3516,Box内補足金額あり,1,https://seichotoushi-hojo.jp/assets/pdf/koufu_3_4ji/outline_125.pdf
s2_outline_127,4次,株式会社キィポーション,2,rendered_cost_box_visual_verification,"事業費 37億円
（補助額） （9.1億円）",3700,910,億円,億円,24.5946,目視検証済,0,https://seichotoushi-hojo.jp/assets/pdf/koufu_3_4ji/outline_127.pdf
s2_outline_130,4次,株式会社ピカソナチュラルズ,2,coordinate_cost_box_char_reconstruction,"事業費 59億円
（補助額） （19億円）",5900,1900,億円,億円,32.2034,整合,1,https://seichotoushi-hojo.jp/assets/pdf/koufu_3_4ji/outline_130.pdf
s2_outline_131,4次,株式会社中村畜産,2,coordinate_cost_box_char_reconstruction,"事業費 2,138百万円
（補助額） （712百万円）",2138,712,百万円,百万円,33.3022,整合,1,https://seichotoushi-hojo.jp/assets/pdf/koufu_3_4ji/outline_131.pdf
s2_outline_132,4次,株式会社コハラ,2,coordinate_cost_box_char_reconstruction,"事業費 1,618百万円
（補助額） （488百万円）",1618,488,百万円,百万円,30.1607,整合,1,https://seichotoushi-hojo.jp/assets/pdf/koufu_3_4ji/outline_132.pdf
s2_outline_133,4次,株式会社ユタカ,2,coordinate_cost_box_char_reconstruction,"事業費 1,613百万円
（補助額） （536百万円）",1613,536,百万円,百万円,33.23,整合,1,https://seichotoushi-hojo.jp/assets/pdf/koufu_3_4ji/outline_133.pdf
s2_outline_134,4次,池田薬品工業株式会社,2,coordinate_cost_box_char_reconstruction,"事業費 30億円
（補助額） （7.5億円）",3000,750,億円,億円,25,整合,1,https://seichotoushi-hojo.jp/assets/pdf/koufu_3_4ji/outline_134.pdf
s2_outline_135,4次,株式会社リバイト,2,coordinate_cost_box_char_reconstruction,"事業費 ４9億円
（補助額） （1４億円）",4900,1400,億円,億円,28.5714,整合,1,https://seichotoushi-hojo.jp/assets/pdf/koufu_3_4ji/outline_135.pdf
s2_outline_136,4次,木本製菓株式会社,2,coordinate_cost_box_char_reconstruction,"事業費 49億円
（補助額） （7.5億円）",4900,750,億円,億円,15.3061,整合,1,https://seichotoushi-hojo.jp/assets/pdf/koufu_3_4ji/outline_136.pdf
s2_outline_137,4次,株式会社　博多屋,2,coordinate_cost_box_char_reconstruction,"事業費 12億円
（補助額） （4.0億円）",1200,400,億円,億円,33.3333,整合,1,https://seichotoushi-hojo.jp/assets/pdf/koufu_3_4ji/outline_137.pdf
s2_outline_138,4次,株式会社ジーケーエス,3,coordinate_cost_box_char_reconstruction,"事業費 2,495百万円
（補助額） （832百万円）",2495,832,百万円,百万円,33.3467,整合,1,https://seichotoushi-hojo.jp/assets/pdf/koufu_3_4ji/outline_138.pdf
s2_outline_139,4次,株式会社エルス,2,coordinate_cost_box_char_reconstruction,"事業費 2,151百万円
（補助額） （640百万円）",2151,640,百万円,百万円,29.7536,整合,1,https://seichotoushi-hojo.jp/assets/pdf/koufu_3_4ji/outline_139.pdf
s2_outline_141,4次,古川電気工業株式会社,2,coordinate_cost_box_char_reconstruction,"事業費 2,131百万円
（補助額） （596百万円）",2131,596,百万円,百万円,27.9681,整合,2,https://seichotoushi-hojo.jp/assets/pdf/koufu_3_4ji/outline_141.pdf
s2_outline_143,4次,株式会社ライズクリエイション,2,coordinate_cost_box_char_reconstruction,"事業費 2,630百万円
（補助額） （859百万円）",2630,859,百万円,百万円,32.6616,整合,1,https://seichotoushi-hojo.jp/assets/pdf/koufu_3_4ji/outline_143.pdf
s2_outline_144,4次,株式会社シー・エス・ケイ,2,coordinate_cost_box_char_reconstruction,"事業費 1,769百万円
（補助額） （590百万円）",1769,590,百万円,百万円,33.3522,整合,1,https://seichotoushi-hojo.jp/assets/pdf/koufu_3_4ji/outline_144.pdf
s2_outline_145,4次,株式会社シャノワール,2,coordinate_cost_box_char_reconstruction,"事業費 31億円
（補助額） （9.8億円）",3100,980,億円,億円,31.6129,整合,1,https://seichotoushi-hojo.jp/assets/pdf/koufu_3_4ji/outline_145.pdf
s2_outline_146,4次,セーレンアドバンストマテリアルズ株式会社,2,coordinate_cost_box_char_reconstruction,"事業費 4,353百万円
（補助額） （1,411百万円）",4353,1411,百万円,百万円,32.4144,整合,1,https://seichotoushi-hojo.jp/assets/pdf/koufu_3_4ji/outline_146.pdf
s2_outline_147,4次,株式会社　進和,2,coordinate_cost_box_char_reconstruction,"事業費 3,473百万円
（補助額） （699百万円）",3473,699,百万円,百万円,20.1267,整合,1,https://seichotoushi-hojo.jp/assets/pdf/koufu_3_4ji/outline_147.pdf
s2_outline_148,4次,丹羽鋳造株式会社,2,coordinate_cost_box_char_reconstruction,"事業費 1,300百万円
（補助額） （372百万円）",1300,372,百万円,百万円,28.6154,整合,1,https://seichotoushi-hojo.jp/assets/pdf/koufu_3_4ji/outline_148.pdf
s2_outline_149,4次,株式会社サン海苔,2,coordinate_cost_box_char_reconstruction,"事業費 1,388百万円
（補助額） （426百万円）",1388,426,百万円,百万円,30.6916,整合,1,https://seichotoushi-hojo.jp/assets/pdf/koufu_3_4ji/outline_149.pdf
s2_outline_150,4次,株式会社玉子屋,2,coordinate_cost_box_char_reconstruction,"事業費 34億円
（補助額） （10億円）",3400,1000,億円,億円,29.4118,整合,1,https://seichotoushi-hojo.jp/assets/pdf/koufu_3_4ji/outline_150.pdf
s2_outline_152,4次,株式会社大熊製作所,2,coordinate_cost_box_char_reconstruction,"事業費 4,775百万円
（補助額） （1,533百万円）",4775,1533,百万円,百万円,32.1047,整合,1,https://seichotoushi-hojo.jp/assets/pdf/koufu_3_4ji/outline_152.pdf
s2_outline_153,4次,コモライフ株式会社,2,coordinate_cost_box_char_reconstruction,"事業費 3,200百万円
（補助額） （1,060百万円）",3200,1060,百万円,百万円,33.125,整合,1,https://seichotoushi-hojo.jp/assets/pdf/koufu_3_4ji/outline_153.pdf
s2_outline_154,4次,アルフレッド株式会社,4,coordinate_cost_box_char_reconstruction,"事業費 1,635百万円
（補助額） （516百万円）",1635,516,百万円,百万円,31.5596,整合,1,https://seichotoushi-hojo.jp/assets/pdf/koufu_3_4ji/outline_154.pdf
s2_outline_155,4次,信和化工株式会社,2,coordinate_cost_box_char_reconstruction,"事業費 1,510百万円
（補助額） （429百万円）",1510,429,百万円,百万円,28.4106,整合,1,https://seichotoushi-hojo.jp/assets/pdf/koufu_3_4ji/outline_155.pdf
s2_outline_156,4次,上野ロジケム株式会社,2,coordinate_cost_box_char_reconstruction,"事業費 3,541百万円
（補助額） （943百万円）",3541,943,百万円,百万円,26.6309,整合,1,https://seichotoushi-hojo.jp/assets/pdf/koufu_3_4ji/outline_156.pdf
s2_outline_157,4次,株式会社ワイズマート,2,coordinate_cost_box_char_reconstruction,"事業費 5,818百万円
（補助額） （1,917百万円）",5818,1917,百万円,百万円,32.9495,整合,1,https://seichotoushi-hojo.jp/assets/pdf/koufu_3_4ji/outline_157.pdf
s2_outline_158,4次,株式会社セントラルフード,2,coordinate_cost_box_char_reconstruction,"事業費 3,023百万円
（補助額） （625百万円）",3023,625,百万円,百万円,20.6748,整合,1,https://seichotoushi-hojo.jp/assets/pdf/koufu_3_4ji/outline_158.pdf
s2_outline_159,4次,株式会社　ファーストライン,2,coordinate_cost_box_char_reconstruction,"事業費 1,624百万円
（補助額） （397百万円）",1624,397,百万円,百万円,24.4458,整合,1,https://seichotoushi-hojo.jp/assets/pdf/koufu_3_4ji/outline_159.pdf
s2_outline_160,4次,株式会社ダイドー,2,coordinate_cost_box_char_reconstruction,"事業費 1,569百万円
（補助額） （371百万円）",1569,371,百万円,百万円,23.6456,整合,1,https://seichotoushi-hojo.jp/assets/pdf/koufu_3_4ji/outline_160.pdf
s2_outline_161,4次,株式会社デイリーエッグ,2,coordinate_cost_box_char_reconstruction,"事業費 3,042百万円
（補助額） （974百万円）",3042,974,百万円,百万円,32.0184,整合,1,https://seichotoushi-hojo.jp/assets/pdf/koufu_3_4ji/outline_161.pdf
s2_outline_162,4次,三恵株式会社,2,coordinate_cost_box_char_reconstruction,"事業費 4,764百万円
（補助額） （1,170百万円）",4764,1170,百万円,百万円,24.5592,整合,1,https://seichotoushi-hojo.jp/assets/pdf/koufu_3_4ji/outline_162.pdf
s2_outline_163,4次,MHT株式会社,2,coordinate_cost_box_char_reconstruction,"事業費 1,524百万円
（補助額） （375百万円）",1524,375,百万円,百万円,24.6063,整合,1,https://seichotoushi-hojo.jp/assets/pdf/koufu_3_4ji/outline_163.pdf
s2_outline_164,4次,株式会社東豊精工,2,coordinate_cost_box_char_reconstruction,"事業費 2,331百万円
（補助額） （550百万円）",2331,550,百万円,百万円,23.595,整合,1,https://seichotoushi-hojo.jp/assets/pdf/koufu_3_4ji/outline_164.pdf
s2_outline_165,4次,株式会社南鐵建,2,coordinate_cost_box_char_reconstruction,"事業費 2,214百万円
（補助額） （648百万円）",2214,648,百万円,百万円,29.2683,整合,1,https://seichotoushi-hojo.jp/assets/pdf/koufu_3_4ji/outline_165.pdf
s2_outline_166,4次,株式会社新潟食品運輸,2,coordinate_cost_box_char_reconstruction,"事業費 3,109百万円
（補助額） （1,015百万円）",3109,1015,百万円,百万円,32.6472,整合,1,https://seichotoushi-hojo.jp/assets/pdf/koufu_3_4ji/outline_166.pdf
s2_outline_167,4次,株式会社カネヒロ,2,coordinate_cost_box_char_reconstruction,"事業費 1,243百万円
（補助額） （309百万円）",1243,309,百万円,百万円,24.8592,整合,1,https://seichotoushi-hojo.jp/assets/pdf/koufu_3_4ji/outline_167.pdf
s2_outline_168,4次,明和工業株式会社,2,coordinate_cost_box_char_reconstruction,"事業費 2,195百万円
（補助額） （712百万円）",2195,712,百万円,百万円,32.4374,整合,2,https://seichotoushi-hojo.jp/assets/pdf/koufu_3_4ji/outline_168.pdf
s2_outline_170,4次,鈴木鉄工株式会社,2,rendered_cost_box_visual_verification,"事業費 2,535百万円
（補助額） （843百万円）",2535,843,百万円,百万円,33.2544,目視検証済,1,https://seichotoushi-hojo.jp/assets/pdf/koufu_3_4ji/outline_170.pdf
s2_outline_171,4次,オギハラ食品株式会社,2,coordinate_cost_box_char_reconstruction,"事業費 4,192百万円
（補助額） （1,171百万円）",4192,1171,百万円,百万円,27.9342,整合,1,https://seichotoushi-hojo.jp/assets/pdf/koufu_3_4ji/outline_171.pdf
s2_outline_172,4次,株式会社環境整備産業,2,coordinate_cost_box_char_reconstruction,"事業費 1,777百万円
（補助額） （557百万円）",1777,557,百万円,百万円,31.345,整合,1,https://seichotoushi-hojo.jp/assets/pdf/koufu_3_4ji/outline_172.pdf
s2_outline_174,4次,ナカネ新建材株式会社,2,coordinate_cost_box_char_reconstruction,"事業費 2,268百万円
（補助額） （709百万円）",2268,709,百万円,百万円,31.261,整合,1,https://seichotoushi-hojo.jp/assets/pdf/koufu_3_4ji/outline_174.pdf
s2_outline_175,4次,化成工業株式会社,2,coordinate_cost_box_char_reconstruction,"事業費 1,702百万円
（補助額） （398百万円）",1702,398,百万円,百万円,23.3843,整合,1,https://seichotoushi-hojo.jp/assets/pdf/koufu_3_4ji/outline_175.pdf
s2_outline_176,4次,北アルプス飲料株式会社,2,coordinate_cost_box_char_reconstruction,"事業費 132億円
（補助額） （40億円）",13200,4000,億円,億円,30.303,整合,1,https://seichotoushi-hojo.jp/assets/pdf/koufu_3_4ji/outline_176.pdf
s2_outline_177,4次,八光エルアール株式会社,2,coordinate_cost_box_char_reconstruction,"事業費 9,544百万円
（補助額） （2,333百万円）",9544,2333,百万円,百万円,24.4447,整合,1,https://seichotoushi-hojo.jp/assets/pdf/koufu_3_4ji/outline_177.pdf
s2_outline_178,4次,株式会社メタルテック,2,coordinate_cost_box_char_reconstruction,"事業費 2,369百万円
（補助額） （581百万円）",2369,581,百万円,百万円,24.5251,整合,1,https://seichotoushi-hojo.jp/assets/pdf/koufu_3_4ji/outline_178.pdf
s2_outline_179,4次,株式会社クラスコ,2,coordinate_cost_box_char_reconstruction,"事業費 2,499百万円
（補助額） （590百万円）",2499,590,百万円,百万円,23.6094,整合,1,https://seichotoushi-hojo.jp/assets/pdf/koufu_3_4ji/outline_179.pdf
s2_outline_180,4次,株式会社森田あられ,2,coordinate_cost_box_char_reconstruction,"事業費 5,315百万円
（補助額） （1,271百万円）",5315,1271,百万円,百万円,23.9135,整合,1,https://seichotoushi-hojo.jp/assets/pdf/koufu_3_4ji/outline_180.pdf
s2_outline_181,4次,株式会社手原産業倉庫,2,coordinate_cost_box_char_reconstruction,"事業費 1,789百万円
（補助額） （418百万円）",1789,418,百万円,百万円,23.365,整合,1,https://seichotoushi-hojo.jp/assets/pdf/koufu_3_4ji/outline_181.pdf
s2_outline_182,4次,株式会社北十,2,coordinate_cost_box_char_reconstruction,"事業費 10億円
（補助額） （2.5億円）",1000,250,億円,億円,25,整合,1,https://seichotoushi-hojo.jp/assets/pdf/koufu_3_4ji/outline_182.pdf
s2_outline_183,4次,ナカシマヘルスフォース株式会社,2,coordinate_cost_box_char_reconstruction,"事業費 9,804百万円
（補助額） （2,680百万円）",9804,2680,百万円,百万円,27.3358,整合,1,https://seichotoushi-hojo.jp/assets/pdf/koufu_3_4ji/outline_183.pdf
s2_outline_184,4次,日電精密工業株式会社,2,coordinate_cost_box_char_reconstruction,"事業費 3,717百万円
（補助額） （1,184百万円）",3717,1184,百万円,百万円,31.8536,整合,1,https://seichotoushi-hojo.jp/assets/pdf/koufu_3_4ji/outline_184.pdf
s2_outline_187,4次,石坂産業株式会社,2,coordinate_cost_box_char_reconstruction,"事業費 4,922百万円
（補助額） （1,641百万円）",4922,1641,百万円,百万円,33.3401,整合,1,https://seichotoushi-hojo.jp/assets/pdf/koufu_3_4ji/outline_187.pdf
s2_outline_189,4次,吉田海運ロジソリューションズ株式会社,2,rendered_cost_box_visual_verification,"事業費 2,284百万円
（補助額） （761百万円）",2284,761,百万円,百万円,33.3187,目視検証済,1,https://seichotoushi-hojo.jp/assets/pdf/koufu_3_4ji/outline_189.pdf
s2_outline_191,4次,株式会社ビクトリー,2,coordinate_cost_box_char_reconstruction,"事業費 16,500百万円
（補助額） （4,999百万円）",16500,4999,百万円,百万円,30.297,整合,1,https://seichotoushi-hojo.jp/assets/pdf/koufu_3_4ji/outline_191.pdf
s2_outline_192,4次,フクビ岡山株式会社,2,coordinate_cost_box_char_reconstruction,"事業費 3,652百万円
（補助額） （900百万円）",3652,900,百万円,百万円,24.644,整合,1,https://seichotoushi-hojo.jp/assets/pdf/koufu_3_4ji/outline_192.pdf
s2_outline_193,4次,ソントン食品株式会社,2,coordinate_cost_box_char_reconstruction,"事業費 13,005百万円
（補助額） （3,909百万円）",13005,3909,百万円,百万円,30.0577,整合,1,https://seichotoushi-hojo.jp/assets/pdf/koufu_3_4ji/outline_193.pdf
s2_outline_194,4次,リバードコーポレーション株式会社,2,coordinate_cost_box_char_reconstruction,"事業費 5,918百万円
（補助額） （1,860百万円）",5918,1860,百万円,百万円,31.4295,整合,1,https://seichotoushi-hojo.jp/assets/pdf/koufu_3_4ji/outline_194.pdf
s2_outline_195,4次,株式会社レクザム,2,coordinate_cost_box_char_reconstruction,"事業費 19億円
（補助額） （4.5億円）",1900,450,億円,億円,23.6842,整合,1,https://seichotoushi-hojo.jp/assets/pdf/koufu_3_4ji/outline_195.pdf
s2_outline_196,4次,岩手雪運株式会社,2,coordinate_cost_box_char_reconstruction,"事業費 8,569百万円
（補助額） （1,975百万円）",8569,1975,百万円,百万円,23.0482,整合,1,https://seichotoushi-hojo.jp/assets/pdf/koufu_3_4ji/outline_196.pdf
s2_outline_199,4次,日本毛織株式会社,2,coordinate_cost_box_char_reconstruction,"事業費 26億円
（補助額） （4.8億円）",2600,480,億円,億円,18.4615,整合,1,https://seichotoushi-hojo.jp/assets/pdf/koufu_3_4ji/outline_199.pdf
s2_outline_200,4次,有限会社ワンプラスワン,2,coordinate_cost_box_char_reconstruction,"事業費 3,831百万円
（補助額） （1,112百万円）",3831,1112,百万円,百万円,29.0264,整合,1,https://seichotoushi-hojo.jp/assets/pdf/koufu_3_4ji/outline_200.pdf
s2_outline_201,4次,ハムリー株式会社,3,coordinate_cost_box_char_reconstruction,"事業費 2,367百万円
（補助額） （729百万円）",2367,729,百万円,百万円,30.7985,整合,1,https://seichotoushi-hojo.jp/assets/pdf/koufu_3_4ji/outline_201.pdf
s2_outline_202,4次,東海デキストリン株式会社,2,rendered_cost_box_visual_verification,"事業費 2,744百万円
（補助額） （431百万円）",2744,431,百万円,百万円,15.707,目視検証済,1,https://seichotoushi-hojo.jp/assets/pdf/koufu_3_4ji/outline_202.pdf
s2_outline_204,4次,新日本電工株式会社,2,coordinate_cost_box_char_reconstruction,"事業費 10,951百万円
（補助額） （3,381百万円）",10951,3381,百万円,百万円,30.8739,整合,1,https://seichotoushi-hojo.jp/assets/pdf/koufu_3_4ji/outline_204.pdf
s2_outline_206,4次,能勢酒造株式会社,2,coordinate_cost_box_char_reconstruction,"事業費 1885百万円
（補助額） （507百万円）",1885,507,百万円,百万円,26.8966,整合,1,https://seichotoushi-hojo.jp/assets/pdf/koufu_3_4ji/outline_206.pdf
s2_outline_207,4次,ロートニッテン株式会社,2,coordinate_cost_box_char_reconstruction,"事業費 3,304百万円
（補助額） （809百万円）",3304,809,百万円,百万円,24.4855,整合,1,https://seichotoushi-hojo.jp/assets/pdf/koufu_3_4ji/outline_207.pdf
s2_outline_208,4次,NICHIRO株式会社,2,coordinate_cost_box_char_reconstruction,"事業費 33億円
（補助額） （11億円）",3300,1100,億円,億円,33.3333,整合,1,https://seichotoushi-hojo.jp/assets/pdf/koufu_3_4ji/outline_208.pdf
s2_outline_210,4次,南島酒販株式会社,2,coordinate_cost_box_char_reconstruction,"事業費 1,071百万円
（補助額） （357百万円）",1071,357,百万円,百万円,33.3333,整合,1,https://seichotoushi-hojo.jp/assets/pdf/koufu_3_4ji/outline_210.pdf
s2_outline_211,4次,アサヒプリテック株式会社,2,coordinate_cost_box_char_reconstruction,"事業費 6,167百万円
（補助額） （1,911百万円）",6167,1911,百万円,百万円,30.9875,整合,1,https://seichotoushi-hojo.jp/assets/pdf/koufu_3_4ji/outline_211.pdf
s2_outline_213,4次,ファインプラス株式会社,2,coordinate_cost_box_char_reconstruction,"事業費 2,804百万円
（補助額） （697百万円）",2804,697,百万円,百万円,24.8573,整合,1,https://seichotoushi-hojo.jp/assets/pdf/koufu_3_4ji/outline_213.pdf
s2_outline_217,4次,院庄林業株式会社,2,coordinate_cost_box_char_reconstruction,"事業費 4,191百万円
（補助額） （1,397百万円）",4191,1397,百万円,百万円,33.3333,整合,1,https://seichotoushi-hojo.jp/assets/pdf/koufu_3_4ji/outline_217.pdf
s2_outline_218,4次,株式会社エム・ケー・ケー,3,coordinate_cost_box_char_reconstruction,"事業費 2,310百万円
（補助額） （563百万円）",2310,563,百万円,百万円,24.3723,整合,1,https://seichotoushi-hojo.jp/assets/pdf/koufu_3_4ji/outline_218.pdf
s2_outline_219,4次,株式会社ナリコマフード,2,coordinate_cost_box_char_reconstruction,"事業費 15,078百万円
（補助額） （3,737百万円）",15078,3737,百万円,百万円,24.7845,整合,1,https://seichotoushi-hojo.jp/assets/pdf/koufu_3_4ji/outline_219.pdf
s2_outline_220,4次,富田薬品株式会社,2,coordinate_cost_box_char_reconstruction,"事業費 4,199百万円
（補助額） （1,327百万円）",4199,1327,百万円,百万円,31.6028,整合,1,https://seichotoushi-hojo.jp/assets/pdf/koufu_3_4ji/outline_220.pdf
s2_outline_221,4次,株式会社ニシムタ,2,coordinate_cost_box_char_reconstruction,"事業費 13,439百万円
（補助額） （3,263百万円）",13439,3263,百万円,百万円,24.2801,整合,1,https://seichotoushi-hojo.jp/assets/pdf/koufu_3_4ji/outline_221.pdf
s2_outline_222,4次,株式会社 日本橋冷凍手島商店,2,coordinate_cost_box_char_reconstruction,"事業費 3,435百万円
（補助額） （1,117百万円）",3435,1117,百万円,百万円,32.5182,整合,1,https://seichotoushi-hojo.jp/assets/pdf/koufu_3_4ji/outline_222.pdf
s2_outline_223,4次,三ッ和商事株式会社,2,coordinate_cost_box_char_reconstruction,"事業費 2,686百万円
（補助額） （766百万円）",2686,766,百万円,百万円,28.5182,整合,1,https://seichotoushi-hojo.jp/assets/pdf/koufu_3_4ji/outline_223.pdf
s2_outline_225,4次,株式会社山本製作所,2,coordinate_cost_box_char_reconstruction,"事業費 1,962百万円
（補助額） （640百万円）",1962,640,百万円,百万円,32.6198,整合,1,https://seichotoushi-hojo.jp/assets/pdf/koufu_3_4ji/outline_225.pdf
s2_outline_226,4次,日本海精錬株式会社,2,coordinate_cost_box_char_reconstruction,"事業費 1,515百万円
（補助額） （499百万円）",1515,499,百万円,百万円,32.9373,整合,1,https://seichotoushi-hojo.jp/assets/pdf/koufu_3_4ji/outline_226.pdf
s2_outline_227,4次,株式会社トノックス,2,coordinate_cost_box_char_reconstruction,"事業費 1,641百万円
（補助額） （473百万円）",1641,473,百万円,百万円,28.8239,整合,1,https://seichotoushi-hojo.jp/assets/pdf/koufu_3_4ji/outline_227.pdf
s2_outline_228,4次,株式会社ベネフル,2,coordinate_cost_box_char_reconstruction,"事業費 1,885百万円
（補助額） （333百万円）",1885,333,百万円,百万円,17.6658,整合,1,https://seichotoushi-hojo.jp/assets/pdf/koufu_3_4ji/outline_228.pdf
s2_outline_230,4次,株式会社アイ・グラン・ソリューション,2,coordinate_cost_box_char_reconstruction,"事業費 58億円
（補助額） （19億円）",5800,1900,億円,億円,32.7586,整合,1,https://seichotoushi-hojo.jp/assets/pdf/koufu_3_4ji/outline_230.pdf
s2_outline_231,4次,創建ホーム株式会社,2,coordinate_cost_box_char_reconstruction,"事業費 1,560百万円
（補助額） （520百万円）",1560,520,百万円,百万円,33.3333,整合,1,https://seichotoushi-hojo.jp/assets/pdf/koufu_3_4ji/outline_231.pdf
