case_id,round,company,original_filename,page_count,pdf_url
s1_outline_1,1次,株式会社岩崎電機製作所,outline_1.pdf,2,https://seichotoushi-hojo.jp/assets/pdf/koufu/outline_1.pdf
s1_outline_10,1次,株式会社プレジィール,outline_10.pdf,2,https://seichotoushi-hojo.jp/assets/pdf/koufu/outline_10.pdf
s1_outline_100,1次,マリンフード株式会社,outline_100.pdf,2,https://seichotoushi-hojo.jp/assets/pdf/koufu/outline_100.pdf
s1_outline_101,1次,株式会社正興電機製作所,outline_101.pdf,5,https://seichotoushi-hojo.jp/assets/pdf/koufu/outline_101.pdf
s1_outline_102,1次,冬木工業株式会社,outline_102.pdf,2,https://seichotoushi-hojo.jp/assets/pdf/koufu/outline_102.pdf
s1_outline_103,1次,オーケー化成株式会社,outline_103.pdf,2,https://seichotoushi-hojo.jp/assets/pdf/koufu/outline_103.pdf
s1_outline_104,1次,ヤマダイ株式会社,outline_104.pdf,2,https://seichotoushi-hojo.jp/assets/pdf/koufu/outline_104.pdf
s1_outline_105,1次,中外医薬生産株式会社,outline_105.pdf,2,https://seichotoushi-hojo.jp/assets/pdf/koufu/outline_105.pdf
s1_outline_106,1次,株式会社シーエル,outline_106.pdf,2,https://seichotoushi-hojo.jp/assets/pdf/koufu/outline_106.pdf
s1_outline_107,1次,株式会社ササキ,outline_107.pdf,2,https://seichotoushi-hojo.jp/assets/pdf/koufu/outline_107.pdf
s1_outline_108,1次,株式会社ミラプロ,outline_108.pdf,4,https://seichotoushi-hojo.jp/assets/pdf/koufu/outline_108.pdf
s1_outline_109,1次,マイクロカット株式会社,outline_109.pdf,2,https://seichotoushi-hojo.jp/assets/pdf/koufu/outline_109.pdf
s1_outline_11,1次,大峰堂薬品工業株式会社,outline_11.pdf,2,https://seichotoushi-hojo.jp/assets/pdf/koufu/outline_11.pdf
s1_outline_110,1次,株式会社菰下鎔断,outline_110.pdf,2,https://seichotoushi-hojo.jp/assets/pdf/koufu/outline_110.pdf
s1_outline_111,1次,株式会社向山工場,outline_111.pdf,2,https://seichotoushi-hojo.jp/assets/pdf/koufu/outline_111.pdf
s1_outline_112,1次,株式会社八芳園,outline_112.pdf,2,https://seichotoushi-hojo.jp/assets/pdf/koufu/outline_112.pdf
s1_outline_113,1次,トーアス株式会社,outline_113.pdf,2,https://seichotoushi-hojo.jp/assets/pdf/koufu/outline_113.pdf
s1_outline_114,1次,株式会社中西製作所,outline_114.pdf,2,https://seichotoushi-hojo.jp/assets/pdf/koufu/outline_114.pdf
s1_outline_115,1次,株式会社国際エキスプレス,outline_115.pdf,4,https://seichotoushi-hojo.jp/assets/pdf/koufu/outline_115.pdf
s1_outline_116,1次,株式会社かねふくめんたいパーク,outline_116.pdf,2,https://seichotoushi-hojo.jp/assets/pdf/koufu/outline_116.pdf
s1_outline_117,1次,信越理研株式会社,outline_117.pdf,4,https://seichotoushi-hojo.jp/assets/pdf/koufu/outline_117.pdf
s1_outline_118,1次,クリエイトワン株式会社,outline_118.pdf,4,https://seichotoushi-hojo.jp/assets/pdf/koufu/outline_118.pdf
s1_outline_119,1次,株式会社フルヤ金属,outline_119.pdf,2,https://seichotoushi-hojo.jp/assets/pdf/koufu/outline_119.pdf
s1_outline_12,1次,株式会社松岡,outline_12.pdf,2,https://seichotoushi-hojo.jp/assets/pdf/koufu/outline_12.pdf
s1_outline_120,1次,旭陽電気株式会社,outline_120.pdf,2,https://seichotoushi-hojo.jp/assets/pdf/koufu/outline_120.pdf
s1_outline_121,1次,土佐鶴酒造株式会社,outline_121.pdf,2,https://seichotoushi-hojo.jp/assets/pdf/koufu/outline_121.pdf
s1_outline_122,1次,岸和田製鋼株式会社,outline_122.pdf,2,https://seichotoushi-hojo.jp/assets/pdf/koufu/outline_122.pdf
s1_outline_123,1次,株式会社タケエイ,outline_123.pdf,2,https://seichotoushi-hojo.jp/assets/pdf/koufu/outline_123.pdf
s1_outline_124,1次,株式会社シロ,outline_124.pdf,3,https://seichotoushi-hojo.jp/assets/pdf/koufu/outline_124.pdf
s1_outline_125,1次,株式会社ミダック,outline_125.pdf,2,https://seichotoushi-hojo.jp/assets/pdf/koufu/outline_125.pdf
s1_outline_126,1次,高末株式会社,outline_126.pdf,2,https://seichotoushi-hojo.jp/assets/pdf/koufu/outline_126.pdf
s1_outline_127,1次,株式会社ユニワールド,outline_127.pdf,2,https://seichotoushi-hojo.jp/assets/pdf/koufu/outline_127.pdf
s1_outline_128,1次,株式会社ただおザウルス,outline_128.pdf,2,https://seichotoushi-hojo.jp/assets/pdf/koufu/outline_128.pdf
s1_outline_129,1次,株式会社浜屋,outline_129.pdf,2,https://seichotoushi-hojo.jp/assets/pdf/koufu/outline_129.pdf
s1_outline_13,1次,株式会社アロン社,outline_13.pdf,2,https://seichotoushi-hojo.jp/assets/pdf/koufu/outline_13.pdf
s1_outline_130,1次,小林酒造株式会社,outline_130.pdf,2,https://seichotoushi-hojo.jp/assets/pdf/koufu/outline_130.pdf
s1_outline_131,1次,株式会社遠藤写真工芸所,outline_131.pdf,2,https://seichotoushi-hojo.jp/assets/pdf/koufu/outline_131.pdf
s1_outline_132,1次,株式会社ヨシノ自動車,outline_132.pdf,2,https://seichotoushi-hojo.jp/assets/pdf/koufu/outline_132.pdf
s1_outline_134,1次,株式会社コンメックス,outline_134.pdf,2,https://seichotoushi-hojo.jp/assets/pdf/koufu/outline_134.pdf
s1_outline_135,1次,株式会社永井運送,outline_135.pdf,2,https://seichotoushi-hojo.jp/assets/pdf/koufu/outline_135.pdf
s1_outline_136,1次,まねき食品株式会社,outline_136.pdf,2,https://seichotoushi-hojo.jp/assets/pdf/koufu/outline_136.pdf
s1_outline_137,1次,総武機械株式会社,outline_137.pdf,2,https://seichotoushi-hojo.jp/assets/pdf/koufu/outline_137.pdf
s1_outline_138,1次,菅野包装資材株式会社,outline_138.pdf,7,https://seichotoushi-hojo.jp/assets/pdf/koufu/outline_138.pdf
s1_outline_139,1次,川﨑工業株式会社,outline_139.pdf,2,https://seichotoushi-hojo.jp/assets/pdf/koufu/outline_139.pdf
s1_outline_14,1次,日華化学株式会社,outline_14.pdf,2,https://seichotoushi-hojo.jp/assets/pdf/koufu/outline_14.pdf
s1_outline_140,1次,新生電子株式会社,outline_140.pdf,4,https://seichotoushi-hojo.jp/assets/pdf/koufu/outline_140.pdf
s1_outline_141,1次,共栄フード株式会社,outline_141.pdf,2,https://seichotoushi-hojo.jp/assets/pdf/koufu/outline_141.pdf
s1_outline_143,1次,株式会社ロッキー,outline_143.pdf,6,https://seichotoushi-hojo.jp/assets/pdf/koufu/outline_143.pdf
s1_outline_145,1次,株式会社小松電業所,outline_145.pdf,2,https://seichotoushi-hojo.jp/assets/pdf/koufu/outline_145.pdf
s1_outline_146,1次,アオイ電子株式会社,outline_146.pdf,2,https://seichotoushi-hojo.jp/assets/pdf/koufu/outline_146.pdf
s1_outline_147,1次,株式会社ｂｕｄ梱包出荷サポート,outline_147.pdf,2,https://seichotoushi-hojo.jp/assets/pdf/koufu/outline_147.pdf
s1_outline_148,1次,株式会社しばた工芸,outline_148.pdf,2,https://seichotoushi-hojo.jp/assets/pdf/koufu/outline_148.pdf
s1_outline_149,1次,株式会社共同物流サービス,outline_149.pdf,3,https://seichotoushi-hojo.jp/assets/pdf/koufu/outline_149.pdf
s1_outline_150,1次,三笠産業株式会社,outline_150.pdf,2,https://seichotoushi-hojo.jp/assets/pdf/koufu/outline_150.pdf
s1_outline_151,1次,四国医療サービス株式会社,outline_151.pdf,2,https://seichotoushi-hojo.jp/assets/pdf/koufu/outline_151.pdf
s1_outline_152,1次,ヤマトミシン製造株式会社,outline_152.pdf,2,https://seichotoushi-hojo.jp/assets/pdf/koufu/outline_152.pdf
s1_outline_153,1次,株式会社越後屋,outline_153.pdf,2,https://seichotoushi-hojo.jp/assets/pdf/koufu/outline_153.pdf
s1_outline_154,1次,中央観光株式会社,outline_154.pdf,2,https://seichotoushi-hojo.jp/assets/pdf/koufu/outline_154.pdf
s1_outline_155,1次,株式会社スギノマシン,outline_155.pdf,2,https://seichotoushi-hojo.jp/assets/pdf/koufu/outline_155.pdf
s1_outline_156,1次,株式会社ダイセイ,outline_156.pdf,2,https://seichotoushi-hojo.jp/assets/pdf/koufu/outline_156.pdf
s1_outline_157,1次,ハマダコンフェクト株式会社,outline_157.pdf,4,https://seichotoushi-hojo.jp/assets/pdf/koufu/outline_157.pdf
s1_outline_158,1次,平和食品工業株式会社,outline_158.pdf,2,https://seichotoushi-hojo.jp/assets/pdf/koufu/outline_158.pdf
s1_outline_159,1次,浦島観光ホテル株式会社,outline_159.pdf,4,https://seichotoushi-hojo.jp/assets/pdf/koufu/outline_159.pdf
s1_outline_16,1次,株式会社旭ウエルテック,outline_16.pdf,2,https://seichotoushi-hojo.jp/assets/pdf/koufu/outline_16.pdf
s1_outline_162,1次,信光陸運株式会社,outline_162.pdf,2,https://seichotoushi-hojo.jp/assets/pdf/koufu/outline_162.pdf
s1_outline_164,1次,株式会社福砂屋グループ,outline_164.pdf,2,https://seichotoushi-hojo.jp/assets/pdf/koufu/outline_164.pdf
s1_outline_166,1次,株式会社福地建設,outline_166.pdf,2,https://seichotoushi-hojo.jp/assets/pdf/koufu/outline_166.pdf
s1_outline_167,1次,銘建工業株式会社,outline_167.pdf,2,https://seichotoushi-hojo.jp/assets/pdf/koufu/outline_167.pdf
s1_outline_168,1次,株式会社大真空,outline_168.pdf,2,https://seichotoushi-hojo.jp/assets/pdf/koufu/outline_168.pdf
s1_outline_169,1次,サトウ食品株式会社,outline_169.pdf,2,https://seichotoushi-hojo.jp/assets/pdf/koufu/outline_169.pdf
s1_outline_17,1次,進工業株式会社,outline_17.pdf,2,https://seichotoushi-hojo.jp/assets/pdf/koufu/outline_17.pdf
s1_outline_170,1次,株式会社光製作所,outline_170.pdf,2,https://seichotoushi-hojo.jp/assets/pdf/koufu/outline_170.pdf
s1_outline_171,1次,昭和産業株式会社,outline_171.pdf,2,https://seichotoushi-hojo.jp/assets/pdf/koufu/outline_171.pdf
s1_outline_173,1次,中央紙通商株式会社,outline_173.pdf,2,https://seichotoushi-hojo.jp/assets/pdf/koufu/outline_173.pdf
s1_outline_174,1次,株式会社Ｐｌａｎ・Ｄｏ・Ｓｅｅ琉球,outline_174.pdf,7,https://seichotoushi-hojo.jp/assets/pdf/koufu/outline_174.pdf
s1_outline_177,1次,さいほく鉄工株式会社,outline_177.pdf,2,https://seichotoushi-hojo.jp/assets/pdf/koufu/outline_177.pdf
s1_outline_19,1次,株式会社XEN GROUP,outline_19.pdf,2,https://seichotoushi-hojo.jp/assets/pdf/koufu/outline_19.pdf
s1_outline_2,1次,株式会社アイ・テック,outline_2.pdf,2,https://seichotoushi-hojo.jp/assets/pdf/koufu/outline_2.pdf
s1_outline_20,1次,エスティケイテクノロジー株式会社,outline_20.pdf,2,https://seichotoushi-hojo.jp/assets/pdf/koufu/outline_20.pdf
s1_outline_21,1次,株式会社くまさんメディクス,outline_21.pdf,2,https://seichotoushi-hojo.jp/assets/pdf/koufu/outline_21.pdf
s1_outline_22,1次,BBSジャパン株式会社,outline_22.pdf,2,https://seichotoushi-hojo.jp/assets/pdf/koufu/outline_22.pdf
s1_outline_23,1次,株式会社ジェーイーエル,outline_23.pdf,2,https://seichotoushi-hojo.jp/assets/pdf/koufu/outline_23.pdf
s1_outline_24,1次,株式会社フジキン,outline_24.pdf,2,https://seichotoushi-hojo.jp/assets/pdf/koufu/outline_24.pdf
s1_outline_25,1次,日本リファイン株式会社,outline_25.pdf,2,https://seichotoushi-hojo.jp/assets/pdf/koufu/outline_25.pdf
s1_outline_26,1次,日星電気株式会社,outline_26.pdf,2,https://seichotoushi-hojo.jp/assets/pdf/koufu/outline_26.pdf
s1_outline_27,1次,株式会社クラタ,outline_27.pdf,2,https://seichotoushi-hojo.jp/assets/pdf/koufu/outline_27.pdf
s1_outline_28,1次,広陵化学工業株式会社,outline_28.pdf,2,https://seichotoushi-hojo.jp/assets/pdf/koufu/outline_28.pdf
s1_outline_29,1次,株式会社三和テスコ,outline_29.pdf,3,https://seichotoushi-hojo.jp/assets/pdf/koufu/outline_29.pdf
s1_outline_3,1次,株式会社堀場エステック,outline_3.pdf,2,https://seichotoushi-hojo.jp/assets/pdf/koufu/outline_3.pdf
s1_outline_30,1次,株式会社メイドー,outline_30.pdf,2,https://seichotoushi-hojo.jp/assets/pdf/koufu/outline_30.pdf
s1_outline_31,1次,鎌長製衡株式会社,outline_31.pdf,2,https://seichotoushi-hojo.jp/assets/pdf/koufu/outline_31.pdf
s1_outline_32,1次,オリヒロエンジニアリング株式会社,outline_32.pdf,2,https://seichotoushi-hojo.jp/assets/pdf/koufu/outline_32.pdf
s1_outline_33,1次,株式会社石井機械製作所,outline_33.pdf,2,https://seichotoushi-hojo.jp/assets/pdf/koufu/outline_33.pdf
s1_outline_34,1次,株式会社柴田合成,outline_34.pdf,2,https://seichotoushi-hojo.jp/assets/pdf/koufu/outline_34.pdf
s1_outline_35,1次,イグス株式会社,outline_35.pdf,2,https://seichotoushi-hojo.jp/assets/pdf/koufu/outline_35.pdf
s1_outline_36,1次,株式会社廣澤精機製作所,outline_36.pdf,2,https://seichotoushi-hojo.jp/assets/pdf/koufu/outline_36.pdf
s1_outline_37,1次,大日工業株式会社,outline_37.pdf,2,https://seichotoushi-hojo.jp/assets/pdf/koufu/outline_37.pdf
s1_outline_38,1次,テラル株式会社,outline_38.pdf,2,https://seichotoushi-hojo.jp/assets/pdf/koufu/outline_38.pdf
s1_outline_39,1次,株式会社ハウゼコ,outline_39.pdf,2,https://seichotoushi-hojo.jp/assets/pdf/koufu/outline_39.pdf
s1_outline_4,1次,株式会社インターオフィス,outline_4.pdf,2,https://seichotoushi-hojo.jp/assets/pdf/koufu/outline_4.pdf
s1_outline_40,1次,千代田鋼鉄工業株式会社,outline_40.pdf,2,https://seichotoushi-hojo.jp/assets/pdf/koufu/outline_40.pdf
s1_outline_41,1次,株式会社ビッグハウス,outline_41.pdf,2,https://seichotoushi-hojo.jp/assets/pdf/koufu/outline_41.pdf
s1_outline_42,1次,株式会社山田ドビー,outline_42.pdf,2,https://seichotoushi-hojo.jp/assets/pdf/koufu/outline_42.pdf
s1_outline_43,1次,丸井産業株式会社,outline_43.pdf,3,https://seichotoushi-hojo.jp/assets/pdf/koufu/outline_43.pdf
s1_outline_45,1次,山本ビニター株式会社,outline_45.pdf,2,https://seichotoushi-hojo.jp/assets/pdf/koufu/outline_45.pdf
s1_outline_46,1次,株式会社アイスコ,outline_46.pdf,2,https://seichotoushi-hojo.jp/assets/pdf/koufu/outline_46.pdf
s1_outline_47,1次,ポーライト株式会社,outline_47.pdf,2,https://seichotoushi-hojo.jp/assets/pdf/koufu/outline_47.pdf
s1_outline_48,1次,SINGS株式会社,outline_48.pdf,2,https://seichotoushi-hojo.jp/assets/pdf/koufu/outline_48.pdf
s1_outline_49,1次,株式会社ＡＫシステム,outline_49.pdf,2,https://seichotoushi-hojo.jp/assets/pdf/koufu/outline_49.pdf
s1_outline_5,1次,大森機械工業株式会社,outline_5.pdf,2,https://seichotoushi-hojo.jp/assets/pdf/koufu/outline_5.pdf
s1_outline_50,1次,株式会社松尾製作所,outline_50.pdf,2,https://seichotoushi-hojo.jp/assets/pdf/koufu/outline_50.pdf
s1_outline_51,1次,株式会社西部技研,outline_51.pdf,5,https://seichotoushi-hojo.jp/assets/pdf/koufu/outline_51.pdf
s1_outline_52,1次,株式会社平島,outline_52.pdf,2,https://seichotoushi-hojo.jp/assets/pdf/koufu/outline_52.pdf
s1_outline_53,1次,マルコーフーズ株式会社,outline_53.pdf,2,https://seichotoushi-hojo.jp/assets/pdf/koufu/outline_53.pdf
s1_outline_55,1次,株式会社コーヨークリエイト,outline_55.pdf,2,https://seichotoushi-hojo.jp/assets/pdf/koufu/outline_55.pdf
s1_outline_56,1次,高知通運株式会社,outline_56.pdf,3,https://seichotoushi-hojo.jp/assets/pdf/koufu/outline_56.pdf
s1_outline_58,1次,三晶エムイーシー株式会社,outline_58.pdf,2,https://seichotoushi-hojo.jp/assets/pdf/koufu/outline_58.pdf
s1_outline_61,1次,三恵工業株式会社,outline_61.pdf,2,https://seichotoushi-hojo.jp/assets/pdf/koufu/outline_61.pdf
s1_outline_62,1次,サーパス工業株式会社,outline_62.pdf,2,https://seichotoushi-hojo.jp/assets/pdf/koufu/outline_62.pdf
s1_outline_63,1次,株式会社オティックスホールディングス,outline_63.pdf,2,https://seichotoushi-hojo.jp/assets/pdf/koufu/outline_63.pdf
s1_outline_65,1次,株式会社松風,outline_65.pdf,2,https://seichotoushi-hojo.jp/assets/pdf/koufu/outline_65.pdf
s1_outline_66,1次,株式会社アルプスツール,outline_66.pdf,2,https://seichotoushi-hojo.jp/assets/pdf/koufu/outline_66.pdf
s1_outline_67,1次,アドバンス電気工業株式会社,outline_67.pdf,2,https://seichotoushi-hojo.jp/assets/pdf/koufu/outline_67.pdf
s1_outline_68,1次,株式会社ミマキエンジニアリング,outline_68.pdf,2,https://seichotoushi-hojo.jp/assets/pdf/koufu/outline_68.pdf
s1_outline_69,1次,NAX JAPAN株式会社,outline_69.pdf,2,https://seichotoushi-hojo.jp/assets/pdf/koufu/outline_69.pdf
s1_outline_7,1次,株式会社ＭＡＲＵＷＡ,outline_7.pdf,2,https://seichotoushi-hojo.jp/assets/pdf/koufu/outline_7.pdf
s1_outline_70,1次,協和工業株式会社,outline_70.pdf,2,https://seichotoushi-hojo.jp/assets/pdf/koufu/outline_70.pdf
s1_outline_71,1次,株式会社北四国グラビア印刷,outline_71.pdf,2,https://seichotoushi-hojo.jp/assets/pdf/koufu/outline_71.pdf
s1_outline_72,1次,ヤマセ電気株式会社,outline_72.pdf,2,https://seichotoushi-hojo.jp/assets/pdf/koufu/outline_72.pdf
s1_outline_73,1次,株式会社大昌鉄工所,outline_73.pdf,2,https://seichotoushi-hojo.jp/assets/pdf/koufu/outline_73.pdf
s1_outline_74,1次,株式会社ユニシス,outline_74.pdf,2,https://seichotoushi-hojo.jp/assets/pdf/koufu/outline_74.pdf
s1_outline_75,1次,株式会社伝食,outline_75.pdf,2,https://seichotoushi-hojo.jp/assets/pdf/koufu/outline_75.pdf
s1_outline_76,1次,安田工業株式会社,outline_76.pdf,4,https://seichotoushi-hojo.jp/assets/pdf/koufu/outline_76.pdf
s1_outline_77,1次,千寿製薬株式会社,outline_77.pdf,2,https://seichotoushi-hojo.jp/assets/pdf/koufu/outline_77.pdf
s1_outline_78,1次,環境のミカタ株式会社,outline_78.pdf,2,https://seichotoushi-hojo.jp/assets/pdf/koufu/outline_78.pdf
s1_outline_79,1次,スーパー工業株式会社,outline_79.pdf,2,https://seichotoushi-hojo.jp/assets/pdf/koufu/outline_79.pdf
s1_outline_8,1次,サムテック株式会社,outline_8.pdf,2,https://seichotoushi-hojo.jp/assets/pdf/koufu/outline_8.pdf
s1_outline_80,1次,寧薬化学工業株式会社,outline_80.pdf,2,https://seichotoushi-hojo.jp/assets/pdf/koufu/outline_80.pdf
s1_outline_81,1次,デーバー加工サービス㈱,outline_81.pdf,2,https://seichotoushi-hojo.jp/assets/pdf/koufu/outline_81.pdf
s1_outline_82,1次,サン工業株式会社,outline_82.pdf,2,https://seichotoushi-hojo.jp/assets/pdf/koufu/outline_82.pdf
s1_outline_83,1次,株式会社ヒサダ,outline_83.pdf,2,https://seichotoushi-hojo.jp/assets/pdf/koufu/outline_83.pdf
s1_outline_84,1次,株式会社マグナ・ワイヤレス,outline_84.pdf,2,https://seichotoushi-hojo.jp/assets/pdf/koufu/outline_84.pdf
s1_outline_85,1次,マルコ工業株式会社,outline_85.pdf,2,https://seichotoushi-hojo.jp/assets/pdf/koufu/outline_85.pdf
s1_outline_86,1次,グローバル・テック株式会社,outline_86.pdf,2,https://seichotoushi-hojo.jp/assets/pdf/koufu/outline_86.pdf
s1_outline_87,1次,トーカロ株式会社,outline_87.pdf,2,https://seichotoushi-hojo.jp/assets/pdf/koufu/outline_87.pdf
s1_outline_88,1次,株式会社創味食品,outline_88.pdf,2,https://seichotoushi-hojo.jp/assets/pdf/koufu/outline_88.pdf
s1_outline_89,1次,京西テクノス株式会社,outline_89.pdf,2,https://seichotoushi-hojo.jp/assets/pdf/koufu/outline_89.pdf
s1_outline_9,1次,株式会社Pale Blue,outline_9.pdf,2,https://seichotoushi-hojo.jp/assets/pdf/koufu/outline_9.pdf
s1_outline_91,1次,矢田工業株式会社,outline_91.pdf,2,https://seichotoushi-hojo.jp/assets/pdf/koufu/outline_91.pdf
s1_outline_92,1次,アサヒフォージ株式会社,outline_92.pdf,2,https://seichotoushi-hojo.jp/assets/pdf/koufu/outline_92.pdf
s1_outline_93,1次,ウイング株式会社,outline_93.pdf,2,https://seichotoushi-hojo.jp/assets/pdf/koufu/outline_93.pdf
s1_outline_94,1次,株式会社友和環境,outline_94.pdf,2,https://seichotoushi-hojo.jp/assets/pdf/koufu/outline_94.pdf
s1_outline_95,1次,ナミックス株式会社,outline_95.pdf,2,https://seichotoushi-hojo.jp/assets/pdf/koufu/outline_95.pdf
s1_outline_96,1次,大岡技研株式会社,outline_96.pdf,2,https://seichotoushi-hojo.jp/assets/pdf/koufu/outline_96.pdf
s1_outline_97,1次,フクシマガリレイ株式会社,outline_97.pdf,5,https://seichotoushi-hojo.jp/assets/pdf/koufu/outline_97.pdf
s1_outline_99,1次,株式会社オーレック,outline_99.pdf,2,https://seichotoushi-hojo.jp/assets/pdf/koufu/outline_99.pdf
s1_outline__179,2次,アサヒセイレン中部株式会社,outline__179.pdf,2,https://seichotoushi-hojo.jp/assets/pdf/koufu/outline__179.pdf
s1_outline__181,2次,株式会社ホテルニューアワジ,outline__181.pdf,9,https://seichotoushi-hojo.jp/assets/pdf/koufu/outline__181.pdf
s1_outline__182,2次,埼玉機器株式会社,outline__182.pdf,2,https://seichotoushi-hojo.jp/assets/pdf/koufu/outline__182.pdf
s1_outline__183,2次,スズキハイテック株式会社,outline__183.pdf,2,https://seichotoushi-hojo.jp/assets/pdf/koufu/outline__183.pdf
s1_outline__184,2次,泉南乳業株式会社,outline__184.pdf,4,https://seichotoushi-hojo.jp/assets/pdf/koufu/outline__184.pdf
s1_outline__188,2次,山城金属株式会社,outline__188.pdf,2,https://seichotoushi-hojo.jp/assets/pdf/koufu/outline__188.pdf
s1_outline__189,2次,長﨑ジャッキ株式会社,outline__189.pdf,2,https://seichotoushi-hojo.jp/assets/pdf/koufu/outline__189.pdf
s1_outline__190,2次,株式会社GOTENリゾート,outline__190.pdf,2,https://seichotoushi-hojo.jp/assets/pdf/koufu/outline__190.pdf
s1_outline__191,2次,株式会社カナイ,outline__191.pdf,3,https://seichotoushi-hojo.jp/assets/pdf/koufu/outline__191.pdf
s1_outline__192,2次,池田糖化工業株式会社,outline__192.pdf,2,https://seichotoushi-hojo.jp/assets/pdf/koufu/outline__192.pdf
s1_outline__194,2次,ZACROS株式会社,outline__194.pdf,2,https://seichotoushi-hojo.jp/assets/pdf/koufu/outline__194.pdf
s1_outline__195,2次,アシザワ・ファインテック株式会社,outline__195.pdf,2,https://seichotoushi-hojo.jp/assets/pdf/koufu/outline__195.pdf
s1_outline__196,2次,株式会社八立製作所,outline__196.pdf,2,https://seichotoushi-hojo.jp/assets/pdf/koufu/outline__196.pdf
s1_outline__197,2次,株式会社福山臨床検査センター,outline__197.pdf,2,https://seichotoushi-hojo.jp/assets/pdf/koufu/outline__197.pdf
s1_outline__198,2次,ユニコム株式会社,outline__198.pdf,2,https://seichotoushi-hojo.jp/assets/pdf/koufu/outline__198.pdf
s1_outline__199,2次,株式会社ティー・シー・ピー,outline__199.pdf,3,https://seichotoushi-hojo.jp/assets/pdf/koufu/outline__199.pdf
s1_outline__200,2次,株式会社イズミテクノ,outline__200.pdf,2,https://seichotoushi-hojo.jp/assets/pdf/koufu/outline__200.pdf
s1_outline__201,2次,株式会社イートアンドフーズ,outline__201.pdf,2,https://seichotoushi-hojo.jp/assets/pdf/koufu/outline__201.pdf
s1_outline__202,2次,アライドコーヒーロースターズ株式会社,outline__202.pdf,3,https://seichotoushi-hojo.jp/assets/pdf/koufu/outline__202.pdf
s1_outline__203,2次,株式会社東映京都スタジオ,outline__203.pdf,3,https://seichotoushi-hojo.jp/assets/pdf/koufu/outline__203.pdf
s1_outline__204,2次,メック株式会社,outline__204.pdf,2,https://seichotoushi-hojo.jp/assets/pdf/koufu/outline__204.pdf
s1_outline__205,2次,ヤマシンスチール株式会社,outline__205.pdf,2,https://seichotoushi-hojo.jp/assets/pdf/koufu/outline__205.pdf
s1_outline__206,2次,上山製紙株式会社,outline__206.pdf,2,https://seichotoushi-hojo.jp/assets/pdf/koufu/outline__206.pdf
s1_outline__207,2次,株式会社ジェイ・イー・ティ,outline__207.pdf,2,https://seichotoushi-hojo.jp/assets/pdf/koufu/outline__207.pdf
s1_outline__208,2次,日本電波工業株式会社,outline__208.pdf,2,https://seichotoushi-hojo.jp/assets/pdf/koufu/outline__208.pdf
s2_outline_1,3次,株式会社角藤,outline_1.pdf,2,https://seichotoushi-hojo.jp/assets/pdf/koufu_3_4ji/outline_1.pdf
s2_outline_101,3次,安藤パラケミー株式会社,outline_101.pdf,2,https://seichotoushi-hojo.jp/assets/pdf/koufu_3_4ji/outline_101.pdf
s2_outline_103,3次,ベストアメニティ株式会社,outline_103.pdf,2,https://seichotoushi-hojo.jp/assets/pdf/koufu_3_4ji/outline_103.pdf
s2_outline_104,3次,アイサービス株式会社,outline_104.pdf,3,https://seichotoushi-hojo.jp/assets/pdf/koufu_3_4ji/outline_104.pdf
s2_outline_105,3次,株式会社シード,outline_105.pdf,2,https://seichotoushi-hojo.jp/assets/pdf/koufu_3_4ji/outline_105.pdf
s2_outline_106,3次,河淳株式会社,outline_106.pdf,2,https://seichotoushi-hojo.jp/assets/pdf/koufu_3_4ji/outline_106.pdf
s2_outline_108,3次,株式会社丸杉,outline_108.pdf,2,https://seichotoushi-hojo.jp/assets/pdf/koufu_3_4ji/outline_108.pdf
s2_outline_109,3次,株式会社ヤマイシ,outline_109.pdf,2,https://seichotoushi-hojo.jp/assets/pdf/koufu_3_4ji/outline_109.pdf
s2_outline_11,3次,たまご＆ファーマーズ株式会社,outline_11.pdf,2,https://seichotoushi-hojo.jp/assets/pdf/koufu_3_4ji/outline_11.pdf
s2_outline_110,3次,学校法人花沢学園,outline_110.pdf,2,https://seichotoushi-hojo.jp/assets/pdf/koufu_3_4ji/outline_110.pdf
s2_outline_12,3次,株式会社フルサワ,outline_12.pdf,3,https://seichotoushi-hojo.jp/assets/pdf/koufu_3_4ji/outline_12.pdf
s2_outline_123,3次,東洋ケアサービス株式会社,outline_123.pdf,2,https://seichotoushi-hojo.jp/assets/pdf/koufu_3_4ji/outline_123.pdf
s2_outline_128,3次,株式会社タカラ倉庫運輸サービス,outline_128.pdf,2,https://seichotoushi-hojo.jp/assets/pdf/koufu_3_4ji/outline_128.pdf
s2_outline_13,3次,フジセイコー株式会社,outline_13.pdf,2,https://seichotoushi-hojo.jp/assets/pdf/koufu_3_4ji/outline_13.pdf
s2_outline_14,3次,スギムラ化学工業株式会社,outline_14.pdf,2,https://seichotoushi-hojo.jp/assets/pdf/koufu_3_4ji/outline_14.pdf
s2_outline_140,3次,都吹株式会社,outline_140.pdf,2,https://seichotoushi-hojo.jp/assets/pdf/koufu_3_4ji/outline_140.pdf
s2_outline_15,3次,賀谷セロファン株式会社,outline_15.pdf,2,https://seichotoushi-hojo.jp/assets/pdf/koufu_3_4ji/outline_15.pdf
s2_outline_151,3次,株式会社清水インダストリ－,outline_151.pdf,2,https://seichotoushi-hojo.jp/assets/pdf/koufu_3_4ji/outline_151.pdf
s2_outline_16,3次,株式会社ヤマキ,outline_16.pdf,2,https://seichotoushi-hojo.jp/assets/pdf/koufu_3_4ji/outline_16.pdf
s2_outline_17,3次,日生流通運輸倉庫株式会社,outline_17.pdf,2,https://seichotoushi-hojo.jp/assets/pdf/koufu_3_4ji/outline_17.pdf
s2_outline_173,3次,栄屋乳業株式会社,outline_173.pdf,2,https://seichotoushi-hojo.jp/assets/pdf/koufu_3_4ji/outline_173.pdf
s2_outline_18,3次,DOWAパワーデバイス株式会社,outline_18.pdf,2,https://seichotoushi-hojo.jp/assets/pdf/koufu_3_4ji/outline_18.pdf
s2_outline_185,3次,三日月興業株式会社,outline_185.pdf,2,https://seichotoushi-hojo.jp/assets/pdf/koufu_3_4ji/outline_185.pdf
s2_outline_186,3次,株式会社PXP,outline_186.pdf,2,https://seichotoushi-hojo.jp/assets/pdf/koufu_3_4ji/outline_186.pdf
s2_outline_188,3次,株式会社ユビタス,outline_188.pdf,2,https://seichotoushi-hojo.jp/assets/pdf/koufu_3_4ji/outline_188.pdf
s2_outline_19,3次,株式会社高木製作所,outline_19.pdf,2,https://seichotoushi-hojo.jp/assets/pdf/koufu_3_4ji/outline_19.pdf
s2_outline_190,3次,伊藤光学工業株式会社,outline_190.pdf,2,https://seichotoushi-hojo.jp/assets/pdf/koufu_3_4ji/outline_190.pdf
s2_outline_197,3次,株式会社ファイン,outline_197.pdf,2,https://seichotoushi-hojo.jp/assets/pdf/koufu_3_4ji/outline_197.pdf
s2_outline_2,3次,ガイア株式会社,outline_2.pdf,2,https://seichotoushi-hojo.jp/assets/pdf/koufu_3_4ji/outline_2.pdf
s2_outline_205,3次,八戸酒造株式会社,outline_205.pdf,2,https://seichotoushi-hojo.jp/assets/pdf/koufu_3_4ji/outline_205.pdf
s2_outline_209,3次,株式会社ファーストダウン,outline_209.pdf,4,https://seichotoushi-hojo.jp/assets/pdf/koufu_3_4ji/outline_209.pdf
s2_outline_21,3次,健栄製薬株式会社,outline_21.pdf,2,https://seichotoushi-hojo.jp/assets/pdf/koufu_3_4ji/outline_21.pdf
s2_outline_212,3次,キングパーツ株式会社,outline_212.pdf,2,https://seichotoushi-hojo.jp/assets/pdf/koufu_3_4ji/outline_212.pdf
s2_outline_214,3次,株式会社 八天堂,outline_214.pdf,2,https://seichotoushi-hojo.jp/assets/pdf/koufu_3_4ji/outline_214.pdf
s2_outline_215,3次,昭和化工株式会社,outline_215.pdf,2,https://seichotoushi-hojo.jp/assets/pdf/koufu_3_4ji/outline_215.pdf
s2_outline_216,3次,中本Fine Pack株式会社,outline_216.pdf,2,https://seichotoushi-hojo.jp/assets/pdf/koufu_3_4ji/outline_216.pdf
s2_outline_22,3次,味覚糖株式会社,outline_22.pdf,2,https://seichotoushi-hojo.jp/assets/pdf/koufu_3_4ji/outline_22.pdf
s2_outline_229,3次,オーディエー株式会社,outline_229.pdf,2,https://seichotoushi-hojo.jp/assets/pdf/koufu_3_4ji/outline_229.pdf
s2_outline_23,3次,大和鋼業株式会社,outline_23.pdf,2,https://seichotoushi-hojo.jp/assets/pdf/koufu_3_4ji/outline_23.pdf
s2_outline_232,3次,株式会社モリシタ,outline_232.pdf,2,https://seichotoushi-hojo.jp/assets/pdf/koufu_3_4ji/outline_232.pdf
s2_outline_234,3次,日本エア・リキード合同会社,outline_234.pdf,2,https://seichotoushi-hojo.jp/assets/pdf/koufu_3_4ji/outline_234.pdf
s2_outline_24,3次,高知食糧株式会社,outline_24.pdf,2,https://seichotoushi-hojo.jp/assets/pdf/koufu_3_4ji/outline_24.pdf
s2_outline_25,3次,有限会社ホテル十勝屋,outline_25.pdf,5,https://seichotoushi-hojo.jp/assets/pdf/koufu_3_4ji/outline_25.pdf
s2_outline_26,3次,株式会社ティーケーシン,outline_26.pdf,2,https://seichotoushi-hojo.jp/assets/pdf/koufu_3_4ji/outline_26.pdf
s2_outline_27,3次,株式会社ライト製作所,outline_27.pdf,2,https://seichotoushi-hojo.jp/assets/pdf/koufu_3_4ji/outline_27.pdf
s2_outline_3,3次,さくら不動産株式会社,outline_3.pdf,5,https://seichotoushi-hojo.jp/assets/pdf/koufu_3_4ji/outline_3.pdf
s2_outline_30,3次,東洋スクリーン工業株式会社,outline_30.pdf,2,https://seichotoushi-hojo.jp/assets/pdf/koufu_3_4ji/outline_30.pdf
s2_outline_31,3次,アトム株式会社,outline_31.pdf,2,https://seichotoushi-hojo.jp/assets/pdf/koufu_3_4ji/outline_31.pdf
s2_outline_32,3次,第一物産株式会社,outline_32.pdf,4,https://seichotoushi-hojo.jp/assets/pdf/koufu_3_4ji/outline_32.pdf
s2_outline_33,3次,株式会社浪速ポンプ製作所,outline_33.pdf,2,https://seichotoushi-hojo.jp/assets/pdf/koufu_3_4ji/outline_33.pdf
s2_outline_34,3次,フタバ食品株式会社,outline_34.pdf,2,https://seichotoushi-hojo.jp/assets/pdf/koufu_3_4ji/outline_34.pdf
s2_outline_35,3次,株式会社北海道ちぬやファーム,outline_35.pdf,5,https://seichotoushi-hojo.jp/assets/pdf/koufu_3_4ji/outline_35.pdf
s2_outline_37,3次,ノーラエンジニアリング株式会社,outline_37.pdf,2,https://seichotoushi-hojo.jp/assets/pdf/koufu_3_4ji/outline_37.pdf
s2_outline_39,3次,名古屋東部陸運株式会社,outline_39.pdf,2,https://seichotoushi-hojo.jp/assets/pdf/koufu_3_4ji/outline_39.pdf
s2_outline_40,3次,株式会社英楽,outline_40.pdf,2,https://seichotoushi-hojo.jp/assets/pdf/koufu_3_4ji/outline_40.pdf
s2_outline_41,3次,藤本化学製品株式会社,outline_41.pdf,3,https://seichotoushi-hojo.jp/assets/pdf/koufu_3_4ji/outline_41.pdf
s2_outline_42,3次,中央製乳株式会社,outline_42.pdf,2,https://seichotoushi-hojo.jp/assets/pdf/koufu_3_4ji/outline_42.pdf
s2_outline_43,3次,近江鍛工株式会社,outline_43.pdf,5,https://seichotoushi-hojo.jp/assets/pdf/koufu_3_4ji/outline_43.pdf
s2_outline_44,3次,株式会社アヤボ,outline_44.pdf,4,https://seichotoushi-hojo.jp/assets/pdf/koufu_3_4ji/outline_44.pdf
s2_outline_45,3次,株式会社田中食品興業所,outline_45.pdf,2,https://seichotoushi-hojo.jp/assets/pdf/koufu_3_4ji/outline_45.pdf
s2_outline_46,3次,カンケンテクノ株式会社,outline_46.pdf,2,https://seichotoushi-hojo.jp/assets/pdf/koufu_3_4ji/outline_46.pdf
s2_outline_47,3次,INTLOOP株式会社,outline_47.pdf,2,https://seichotoushi-hojo.jp/assets/pdf/koufu_3_4ji/outline_47.pdf
s2_outline_48,3次,株式会社サンワ,outline_48.pdf,2,https://seichotoushi-hojo.jp/assets/pdf/koufu_3_4ji/outline_48.pdf
s2_outline_49,3次,白鷺特殊鋼株式会社,outline_49.pdf,2,https://seichotoushi-hojo.jp/assets/pdf/koufu_3_4ji/outline_49.pdf
s2_outline_5,3次,奥長良川名水株式会社,outline_5.pdf,2,https://seichotoushi-hojo.jp/assets/pdf/koufu_3_4ji/outline_5.pdf
s2_outline_51,3次,有楽製菓株式会社,outline_51.pdf,3,https://seichotoushi-hojo.jp/assets/pdf/koufu_3_4ji/outline_51.pdf
s2_outline_52,3次,株式会社GYXUS,outline_52.pdf,2,https://seichotoushi-hojo.jp/assets/pdf/koufu_3_4ji/outline_52.pdf
s2_outline_58,3次,巴工業株式会社,outline_58.pdf,2,https://seichotoushi-hojo.jp/assets/pdf/koufu_3_4ji/outline_58.pdf
s2_outline_6,3次,株式会社上野凮月堂,outline_6.pdf,2,https://seichotoushi-hojo.jp/assets/pdf/koufu_3_4ji/outline_6.pdf
s2_outline_60,3次,株式会社トッカコーポレーション,outline_60.pdf,6,https://seichotoushi-hojo.jp/assets/pdf/koufu_3_4ji/outline_60.pdf
s2_outline_61,3次,株式会社川金コアテック,outline_61.pdf,2,https://seichotoushi-hojo.jp/assets/pdf/koufu_3_4ji/outline_61.pdf
s2_outline_62,3次,株式会社エネルギーギャップ,outline_62.pdf,2,https://seichotoushi-hojo.jp/assets/pdf/koufu_3_4ji/outline_62.pdf
s2_outline_63,3次,エックスサーバー株式会社,outline_63.pdf,3,https://seichotoushi-hojo.jp/assets/pdf/koufu_3_4ji/outline_63.pdf
s2_outline_65,3次,ハビックス株式会社,outline_65.pdf,2,https://seichotoushi-hojo.jp/assets/pdf/koufu_3_4ji/outline_65.pdf
s2_outline_66,3次,トクセン工業株式会社,outline_66.pdf,2,https://seichotoushi-hojo.jp/assets/pdf/koufu_3_4ji/outline_66.pdf
s2_outline_67,3次,千代田空調機器株式会社,outline_67.pdf,5,https://seichotoushi-hojo.jp/assets/pdf/koufu_3_4ji/outline_67.pdf
s2_outline_68,3次,三友プラントサービス株式会社,outline_68.pdf,2,https://seichotoushi-hojo.jp/assets/pdf/koufu_3_4ji/outline_68.pdf
s2_outline_69,3次,松村フーズ株式会社,outline_69.pdf,2,https://seichotoushi-hojo.jp/assets/pdf/koufu_3_4ji/outline_69.pdf
s2_outline_70,3次,株式会社光製作所,outline_70.pdf,2,https://seichotoushi-hojo.jp/assets/pdf/koufu_3_4ji/outline_70.pdf
s2_outline_71,3次,至誠堂製薬株式会社,outline_71.pdf,2,https://seichotoushi-hojo.jp/assets/pdf/koufu_3_4ji/outline_71.pdf
s2_outline_72,3次,ときわ製作所株式会社,outline_72.pdf,2,https://seichotoushi-hojo.jp/assets/pdf/koufu_3_4ji/outline_72.pdf
s2_outline_73,3次,株式会社ライジング,outline_73.pdf,4,https://seichotoushi-hojo.jp/assets/pdf/koufu_3_4ji/outline_73.pdf
s2_outline_74,3次,株式会社山福,outline_74.pdf,3,https://seichotoushi-hojo.jp/assets/pdf/koufu_3_4ji/outline_74.pdf
s2_outline_77,3次,株式会社やまみ,outline_77.pdf,2,https://seichotoushi-hojo.jp/assets/pdf/koufu_3_4ji/outline_77.pdf
s2_outline_78,3次,株式会社宮古島の雪塩,outline_78.pdf,2,https://seichotoushi-hojo.jp/assets/pdf/koufu_3_4ji/outline_78.pdf
s2_outline_79,3次,大京株式会社,outline_79.pdf,3,https://seichotoushi-hojo.jp/assets/pdf/koufu_3_4ji/outline_79.pdf
s2_outline_8,3次,牛乳石鹸共進社株式会社,outline_8.pdf,2,https://seichotoushi-hojo.jp/assets/pdf/koufu_3_4ji/outline_8.pdf
s2_outline_80,3次,株式会社レイズ,outline_80.pdf,2,https://seichotoushi-hojo.jp/assets/pdf/koufu_3_4ji/outline_80.pdf
s2_outline_81,3次,東亜薬品株式会社,outline_81.pdf,2,https://seichotoushi-hojo.jp/assets/pdf/koufu_3_4ji/outline_81.pdf
s2_outline_82,3次,ハマダレクテック株式会社,outline_82.pdf,2,https://seichotoushi-hojo.jp/assets/pdf/koufu_3_4ji/outline_82.pdf
s2_outline_83,3次,株式会社キド,outline_83.pdf,4,https://seichotoushi-hojo.jp/assets/pdf/koufu_3_4ji/outline_83.pdf
s2_outline_84,3次,株式会社ジョヴィ,outline_84.pdf,3,https://seichotoushi-hojo.jp/assets/pdf/koufu_3_4ji/outline_84.pdf
s2_outline_85,3次,Ｌ物流株式会社,outline_85.pdf,2,https://seichotoushi-hojo.jp/assets/pdf/koufu_3_4ji/outline_85.pdf
s2_outline_86,3次,ヤマトスチール株式会社,outline_86.pdf,2,https://seichotoushi-hojo.jp/assets/pdf/koufu_3_4ji/outline_86.pdf
s2_outline_87,3次,長野牛乳株式会社,outline_87.pdf,3,https://seichotoushi-hojo.jp/assets/pdf/koufu_3_4ji/outline_87.pdf
s2_outline_88,3次,モルツウェル株式会社,outline_88.pdf,2,https://seichotoushi-hojo.jp/assets/pdf/koufu_3_4ji/outline_88.pdf
s2_outline_89,3次,北海道乳業株式会社,outline_89.pdf,2,https://seichotoushi-hojo.jp/assets/pdf/koufu_3_4ji/outline_89.pdf
s2_outline_9,3次,株式会社マルト水谷,outline_9.pdf,3,https://seichotoushi-hojo.jp/assets/pdf/koufu_3_4ji/outline_9.pdf
s2_outline_90,3次,有価物回収協業組合　石坂グループ,outline_90.pdf,2,https://seichotoushi-hojo.jp/assets/pdf/koufu_3_4ji/outline_90.pdf
s2_outline_91,3次,ＫＩＤＯ　ＰＡＣＫＡＧＩＮＧ株式会社,outline_91.pdf,2,https://seichotoushi-hojo.jp/assets/pdf/koufu_3_4ji/outline_91.pdf
s2_outline_93,3次,東亜工業株式会社,outline_93.pdf,2,https://seichotoushi-hojo.jp/assets/pdf/koufu_3_4ji/outline_93.pdf
s2_outline_94,3次,株式会社富士カーボン製造所,outline_94.pdf,2,https://seichotoushi-hojo.jp/assets/pdf/koufu_3_4ji/outline_94.pdf
s2_outline_95,3次,山崎商事運輸株式会社,outline_95.pdf,2,https://seichotoushi-hojo.jp/assets/pdf/koufu_3_4ji/outline_95.pdf
s2_outline_96,3次,株式会社フォース,outline_96.pdf,3,https://seichotoushi-hojo.jp/assets/pdf/koufu_3_4ji/outline_96.pdf
s2_outline_97,3次,中村土建株式会社,outline_97.pdf,2,https://seichotoushi-hojo.jp/assets/pdf/koufu_3_4ji/outline_97.pdf
s2_outline_98,3次,ホーコス株式会社,outline_98.pdf,2,https://seichotoushi-hojo.jp/assets/pdf/koufu_3_4ji/outline_98.pdf
s2_outline_99,3次,株式会社シュゼット・ホールディングス,outline_99.pdf,5,https://seichotoushi-hojo.jp/assets/pdf/koufu_3_4ji/outline_99.pdf
s2_outline_113,4次,株式会社アダチ,outline_113.pdf,2,https://seichotoushi-hojo.jp/assets/pdf/koufu_3_4ji/outline_113.pdf
s2_outline_115,4次,株式会社コスモス食品,outline_115.pdf,2,https://seichotoushi-hojo.jp/assets/pdf/koufu_3_4ji/outline_115.pdf
s2_outline_116,4次,奥伊吹観光株式会社,outline_116.pdf,3,https://seichotoushi-hojo.jp/assets/pdf/koufu_3_4ji/outline_116.pdf
s2_outline_117,4次,瀬戸内海印刷株式会社,outline_117.pdf,2,https://seichotoushi-hojo.jp/assets/pdf/koufu_3_4ji/outline_117.pdf
s2_outline_118,4次,株式会社光洋,outline_118.pdf,2,https://seichotoushi-hojo.jp/assets/pdf/koufu_3_4ji/outline_118.pdf
s2_outline_119,4次,株式会社群馬コイケ,outline_119.pdf,2,https://seichotoushi-hojo.jp/assets/pdf/koufu_3_4ji/outline_119.pdf
s2_outline_120,4次,株式会社クボテック,outline_120.pdf,2,https://seichotoushi-hojo.jp/assets/pdf/koufu_3_4ji/outline_120.pdf
s2_outline_121,4次,株式会社ヤマキ食品,outline_121.pdf,2,https://seichotoushi-hojo.jp/assets/pdf/koufu_3_4ji/outline_121.pdf
s2_outline_122,4次,杉プラスチック工業株式会社,outline_122.pdf,2,https://seichotoushi-hojo.jp/assets/pdf/koufu_3_4ji/outline_122.pdf
s2_outline_125,4次,株式会社タンケンシールセーコウ,outline_125.pdf,2,https://seichotoushi-hojo.jp/assets/pdf/koufu_3_4ji/outline_125.pdf
s2_outline_127,4次,株式会社キィポーション,outline_127.pdf,2,https://seichotoushi-hojo.jp/assets/pdf/koufu_3_4ji/outline_127.pdf
s2_outline_130,4次,株式会社ピカソナチュラルズ,outline_130.pdf,2,https://seichotoushi-hojo.jp/assets/pdf/koufu_3_4ji/outline_130.pdf
s2_outline_131,4次,株式会社中村畜産,outline_131.pdf,2,https://seichotoushi-hojo.jp/assets/pdf/koufu_3_4ji/outline_131.pdf
s2_outline_132,4次,株式会社コハラ,outline_132.pdf,2,https://seichotoushi-hojo.jp/assets/pdf/koufu_3_4ji/outline_132.pdf
s2_outline_133,4次,株式会社ユタカ,outline_133.pdf,2,https://seichotoushi-hojo.jp/assets/pdf/koufu_3_4ji/outline_133.pdf
s2_outline_134,4次,池田薬品工業株式会社,outline_134.pdf,2,https://seichotoushi-hojo.jp/assets/pdf/koufu_3_4ji/outline_134.pdf
s2_outline_135,4次,株式会社リバイト,outline_135.pdf,2,https://seichotoushi-hojo.jp/assets/pdf/koufu_3_4ji/outline_135.pdf
s2_outline_136,4次,木本製菓株式会社,outline_136.pdf,2,https://seichotoushi-hojo.jp/assets/pdf/koufu_3_4ji/outline_136.pdf
s2_outline_137,4次,株式会社　博多屋,outline_137.pdf,2,https://seichotoushi-hojo.jp/assets/pdf/koufu_3_4ji/outline_137.pdf
s2_outline_138,4次,株式会社ジーケーエス,outline_138.pdf,4,https://seichotoushi-hojo.jp/assets/pdf/koufu_3_4ji/outline_138.pdf
s2_outline_139,4次,株式会社エルス,outline_139.pdf,2,https://seichotoushi-hojo.jp/assets/pdf/koufu_3_4ji/outline_139.pdf
s2_outline_141,4次,古川電気工業株式会社,outline_141.pdf,3,https://seichotoushi-hojo.jp/assets/pdf/koufu_3_4ji/outline_141.pdf
s2_outline_143,4次,株式会社ライズクリエイション,outline_143.pdf,2,https://seichotoushi-hojo.jp/assets/pdf/koufu_3_4ji/outline_143.pdf
s2_outline_144,4次,株式会社シー・エス・ケイ,outline_144.pdf,2,https://seichotoushi-hojo.jp/assets/pdf/koufu_3_4ji/outline_144.pdf
s2_outline_145,4次,株式会社シャノワール,outline_145.pdf,2,https://seichotoushi-hojo.jp/assets/pdf/koufu_3_4ji/outline_145.pdf
s2_outline_146,4次,セーレンアドバンストマテリアルズ株式会社,outline_146.pdf,2,https://seichotoushi-hojo.jp/assets/pdf/koufu_3_4ji/outline_146.pdf
s2_outline_147,4次,株式会社　進和,outline_147.pdf,2,https://seichotoushi-hojo.jp/assets/pdf/koufu_3_4ji/outline_147.pdf
s2_outline_148,4次,丹羽鋳造株式会社,outline_148.pdf,2,https://seichotoushi-hojo.jp/assets/pdf/koufu_3_4ji/outline_148.pdf
s2_outline_149,4次,株式会社サン海苔,outline_149.pdf,2,https://seichotoushi-hojo.jp/assets/pdf/koufu_3_4ji/outline_149.pdf
s2_outline_150,4次,株式会社玉子屋,outline_150.pdf,2,https://seichotoushi-hojo.jp/assets/pdf/koufu_3_4ji/outline_150.pdf
s2_outline_152,4次,株式会社大熊製作所,outline_152.pdf,2,https://seichotoushi-hojo.jp/assets/pdf/koufu_3_4ji/outline_152.pdf
s2_outline_153,4次,コモライフ株式会社,outline_153.pdf,2,https://seichotoushi-hojo.jp/assets/pdf/koufu_3_4ji/outline_153.pdf
s2_outline_154,4次,アルフレッド株式会社,outline_154.pdf,4,https://seichotoushi-hojo.jp/assets/pdf/koufu_3_4ji/outline_154.pdf
s2_outline_155,4次,信和化工株式会社,outline_155.pdf,3,https://seichotoushi-hojo.jp/assets/pdf/koufu_3_4ji/outline_155.pdf
s2_outline_156,4次,上野ロジケム株式会社,outline_156.pdf,3,https://seichotoushi-hojo.jp/assets/pdf/koufu_3_4ji/outline_156.pdf
s2_outline_157,4次,株式会社ワイズマート,outline_157.pdf,2,https://seichotoushi-hojo.jp/assets/pdf/koufu_3_4ji/outline_157.pdf
s2_outline_158,4次,株式会社セントラルフード,outline_158.pdf,4,https://seichotoushi-hojo.jp/assets/pdf/koufu_3_4ji/outline_158.pdf
s2_outline_159,4次,株式会社　ファーストライン,outline_159.pdf,4,https://seichotoushi-hojo.jp/assets/pdf/koufu_3_4ji/outline_159.pdf
s2_outline_160,4次,株式会社ダイドー,outline_160.pdf,2,https://seichotoushi-hojo.jp/assets/pdf/koufu_3_4ji/outline_160.pdf
s2_outline_161,4次,株式会社デイリーエッグ,outline_161.pdf,2,https://seichotoushi-hojo.jp/assets/pdf/koufu_3_4ji/outline_161.pdf
s2_outline_162,4次,三恵株式会社,outline_162.pdf,2,https://seichotoushi-hojo.jp/assets/pdf/koufu_3_4ji/outline_162.pdf
s2_outline_163,4次,MHT株式会社,outline_163.pdf,3,https://seichotoushi-hojo.jp/assets/pdf/koufu_3_4ji/outline_163.pdf
s2_outline_164,4次,株式会社東豊精工,outline_164.pdf,2,https://seichotoushi-hojo.jp/assets/pdf/koufu_3_4ji/outline_164.pdf
s2_outline_165,4次,株式会社南鐵建,outline_165.pdf,2,https://seichotoushi-hojo.jp/assets/pdf/koufu_3_4ji/outline_165.pdf
s2_outline_166,4次,株式会社新潟食品運輸,outline_166.pdf,2,https://seichotoushi-hojo.jp/assets/pdf/koufu_3_4ji/outline_166.pdf
s2_outline_167,4次,株式会社カネヒロ,outline_167.pdf,2,https://seichotoushi-hojo.jp/assets/pdf/koufu_3_4ji/outline_167.pdf
s2_outline_168,4次,明和工業株式会社,outline_168.pdf,3,https://seichotoushi-hojo.jp/assets/pdf/koufu_3_4ji/outline_168.pdf
s2_outline_170,4次,鈴木鉄工株式会社,outline_170.pdf,2,https://seichotoushi-hojo.jp/assets/pdf/koufu_3_4ji/outline_170.pdf
s2_outline_171,4次,オギハラ食品株式会社,outline_171.pdf,2,https://seichotoushi-hojo.jp/assets/pdf/koufu_3_4ji/outline_171.pdf
s2_outline_172,4次,株式会社環境整備産業,outline_172.pdf,2,https://seichotoushi-hojo.jp/assets/pdf/koufu_3_4ji/outline_172.pdf
s2_outline_174,4次,ナカネ新建材株式会社,outline_174.pdf,2,https://seichotoushi-hojo.jp/assets/pdf/koufu_3_4ji/outline_174.pdf
s2_outline_175,4次,化成工業株式会社,outline_175.pdf,2,https://seichotoushi-hojo.jp/assets/pdf/koufu_3_4ji/outline_175.pdf
s2_outline_176,4次,北アルプス飲料株式会社,outline_176.pdf,2,https://seichotoushi-hojo.jp/assets/pdf/koufu_3_4ji/outline_176.pdf
s2_outline_177,4次,八光エルアール株式会社,outline_177.pdf,2,https://seichotoushi-hojo.jp/assets/pdf/koufu_3_4ji/outline_177.pdf
s2_outline_178,4次,株式会社メタルテック,outline_178.pdf,3,https://seichotoushi-hojo.jp/assets/pdf/koufu_3_4ji/outline_178.pdf
s2_outline_179,4次,株式会社クラスコ,outline_179.pdf,2,https://seichotoushi-hojo.jp/assets/pdf/koufu_3_4ji/outline_179.pdf
s2_outline_180,4次,株式会社森田あられ,outline_180.pdf,2,https://seichotoushi-hojo.jp/assets/pdf/koufu_3_4ji/outline_180.pdf
s2_outline_181,4次,株式会社手原産業倉庫,outline_181.pdf,2,https://seichotoushi-hojo.jp/assets/pdf/koufu_3_4ji/outline_181.pdf
s2_outline_182,4次,株式会社北十,outline_182.pdf,2,https://seichotoushi-hojo.jp/assets/pdf/koufu_3_4ji/outline_182.pdf
s2_outline_183,4次,ナカシマヘルスフォース株式会社,outline_183.pdf,5,https://seichotoushi-hojo.jp/assets/pdf/koufu_3_4ji/outline_183.pdf
s2_outline_184,4次,日電精密工業株式会社,outline_184.pdf,2,https://seichotoushi-hojo.jp/assets/pdf/koufu_3_4ji/outline_184.pdf
s2_outline_187,4次,石坂産業株式会社,outline_187.pdf,2,https://seichotoushi-hojo.jp/assets/pdf/koufu_3_4ji/outline_187.pdf
s2_outline_189,4次,吉田海運ロジソリューションズ株式会社,outline_189.pdf,2,https://seichotoushi-hojo.jp/assets/pdf/koufu_3_4ji/outline_189.pdf
s2_outline_191,4次,株式会社ビクトリー,outline_191.pdf,2,https://seichotoushi-hojo.jp/assets/pdf/koufu_3_4ji/outline_191.pdf
s2_outline_192,4次,フクビ岡山株式会社,outline_192.pdf,2,https://seichotoushi-hojo.jp/assets/pdf/koufu_3_4ji/outline_192.pdf
s2_outline_193,4次,ソントン食品株式会社,outline_193.pdf,2,https://seichotoushi-hojo.jp/assets/pdf/koufu_3_4ji/outline_193.pdf
s2_outline_194,4次,リバードコーポレーション株式会社,outline_194.pdf,2,https://seichotoushi-hojo.jp/assets/pdf/koufu_3_4ji/outline_194.pdf
s2_outline_195,4次,株式会社レクザム,outline_195.pdf,2,https://seichotoushi-hojo.jp/assets/pdf/koufu_3_4ji/outline_195.pdf
s2_outline_196,4次,岩手雪運株式会社,outline_196.pdf,2,https://seichotoushi-hojo.jp/assets/pdf/koufu_3_4ji/outline_196.pdf
s2_outline_199,4次,日本毛織株式会社,outline_199.pdf,2,https://seichotoushi-hojo.jp/assets/pdf/koufu_3_4ji/outline_199.pdf
s2_outline_200,4次,有限会社ワンプラスワン,outline_200.pdf,2,https://seichotoushi-hojo.jp/assets/pdf/koufu_3_4ji/outline_200.pdf
s2_outline_201,4次,ハムリー株式会社,outline_201.pdf,4,https://seichotoushi-hojo.jp/assets/pdf/koufu_3_4ji/outline_201.pdf
s2_outline_202,4次,東海デキストリン株式会社,outline_202.pdf,2,https://seichotoushi-hojo.jp/assets/pdf/koufu_3_4ji/outline_202.pdf
s2_outline_204,4次,新日本電工株式会社,outline_204.pdf,2,https://seichotoushi-hojo.jp/assets/pdf/koufu_3_4ji/outline_204.pdf
s2_outline_206,4次,能勢酒造株式会社,outline_206.pdf,2,https://seichotoushi-hojo.jp/assets/pdf/koufu_3_4ji/outline_206.pdf
s2_outline_207,4次,ロートニッテン株式会社,outline_207.pdf,2,https://seichotoushi-hojo.jp/assets/pdf/koufu_3_4ji/outline_207.pdf
s2_outline_208,4次,NICHIRO株式会社,outline_208.pdf,2,https://seichotoushi-hojo.jp/assets/pdf/koufu_3_4ji/outline_208.pdf
s2_outline_210,4次,南島酒販株式会社,outline_210.pdf,2,https://seichotoushi-hojo.jp/assets/pdf/koufu_3_4ji/outline_210.pdf
s2_outline_211,4次,アサヒプリテック株式会社,outline_211.pdf,2,https://seichotoushi-hojo.jp/assets/pdf/koufu_3_4ji/outline_211.pdf
s2_outline_213,4次,ファインプラス株式会社,outline_213.pdf,2,https://seichotoushi-hojo.jp/assets/pdf/koufu_3_4ji/outline_213.pdf
s2_outline_217,4次,院庄林業株式会社,outline_217.pdf,2,https://seichotoushi-hojo.jp/assets/pdf/koufu_3_4ji/outline_217.pdf
s2_outline_218,4次,株式会社エム・ケー・ケー,outline_218.pdf,4,https://seichotoushi-hojo.jp/assets/pdf/koufu_3_4ji/outline_218.pdf
s2_outline_219,4次,株式会社ナリコマフード,outline_219.pdf,2,https://seichotoushi-hojo.jp/assets/pdf/koufu_3_4ji/outline_219.pdf
s2_outline_220,4次,富田薬品株式会社,outline_220.pdf,2,https://seichotoushi-hojo.jp/assets/pdf/koufu_3_4ji/outline_220.pdf
s2_outline_221,4次,株式会社ニシムタ,outline_221.pdf,2,https://seichotoushi-hojo.jp/assets/pdf/koufu_3_4ji/outline_221.pdf
s2_outline_222,4次,株式会社 日本橋冷凍手島商店,outline_222.pdf,2,https://seichotoushi-hojo.jp/assets/pdf/koufu_3_4ji/outline_222.pdf
s2_outline_223,4次,三ッ和商事株式会社,outline_223.pdf,2,https://seichotoushi-hojo.jp/assets/pdf/koufu_3_4ji/outline_223.pdf
s2_outline_225,4次,株式会社山本製作所,outline_225.pdf,2,https://seichotoushi-hojo.jp/assets/pdf/koufu_3_4ji/outline_225.pdf
s2_outline_226,4次,日本海精錬株式会社,outline_226.pdf,4,https://seichotoushi-hojo.jp/assets/pdf/koufu_3_4ji/outline_226.pdf
s2_outline_227,4次,株式会社トノックス,outline_227.pdf,3,https://seichotoushi-hojo.jp/assets/pdf/koufu_3_4ji/outline_227.pdf
s2_outline_228,4次,株式会社ベネフル,outline_228.pdf,2,https://seichotoushi-hojo.jp/assets/pdf/koufu_3_4ji/outline_228.pdf
s2_outline_230,4次,株式会社アイ・グラン・ソリューション,outline_230.pdf,2,https://seichotoushi-hojo.jp/assets/pdf/koufu_3_4ji/outline_230.pdf
s2_outline_231,4次,創建ホーム株式会社,outline_231.pdf,2,https://seichotoushi-hojo.jp/assets/pdf/koufu_3_4ji/outline_231.pdf
