case_id,round,company,series_id,series_label,point_type,period_label,year_before_correction,year_after_correction,year_correction_method,year,month_before_correction,month_after_correction,month,sales_oku_yen,page,pdf_url
s1_outline_1,1次,株式会社岩崎電機製作所,s1_outline_1_sales_01,会社全体,baseline,2023年度,2023,2023,existing_normalized_year,2023,,,,168,1,https://seichotoushi-hojo.jp/assets/pdf/koufu/outline_1.pdf
s1_outline_1,1次,株式会社岩崎電機製作所,s1_outline_1_sales_01,会社全体,target,2029年度,2029,2029,existing_normalized_year,2029,,,,260,1,https://seichotoushi-hojo.jp/assets/pdf/koufu/outline_1.pdf
s1_outline_10,1次,株式会社プレジィール,s1_outline_10_sales_01,会社全体,baseline,2023年9月期,2023,2023,existing_normalized_year,2023,9,9,9,223,1,https://seichotoushi-hojo.jp/assets/pdf/koufu/outline_10.pdf
s1_outline_10,1次,株式会社プレジィール,s1_outline_10_sales_01,会社全体,target,2029年9月期,2029,2029,existing_normalized_year,2029,9,9,9,800,1,https://seichotoushi-hojo.jp/assets/pdf/koufu/outline_10.pdf
s1_outline_100,1次,マリンフード株式会社,s1_outline_100_sales_01,会社全体,baseline,2023年,2023,2023,existing_normalized_year,2023,,,,362,1,https://seichotoushi-hojo.jp/assets/pdf/koufu/outline_100.pdf
s1_outline_100,1次,マリンフード株式会社,s1_outline_100_sales_01,会社全体,target,2038年まで,2038,2038,existing_normalized_year,2038,,,,1000,1,https://seichotoushi-hojo.jp/assets/pdf/koufu/outline_100.pdf
s1_outline_101,1次,株式会社正興電機製作所,s1_outline_101_sales_01,長期・連結,baseline,2023年度,2023,2023,existing_normalized_year,2023,,,,271,1,https://seichotoushi-hojo.jp/assets/pdf/koufu/outline_101.pdf
s1_outline_101,1次,株式会社正興電機製作所,s1_outline_101_sales_01,長期・連結,target,2041年度,2041,2041,existing_normalized_year,2041,,,,1000,1,https://seichotoushi-hojo.jp/assets/pdf/koufu/outline_101.pdf
s1_outline_101,1次,株式会社正興電機製作所,s1_outline_101_sales_02,中期・連結,baseline,2023年度,2023,2023,existing_normalized_year,2023,,,,271,1,https://seichotoushi-hojo.jp/assets/pdf/koufu/outline_101.pdf
s1_outline_101,1次,株式会社正興電機製作所,s1_outline_101_sales_02,中期・連結,target,2026年度,2026,2026,existing_normalized_year,2026,,,,400,1,https://seichotoushi-hojo.jp/assets/pdf/koufu/outline_101.pdf
s1_outline_101,1次,株式会社正興電機製作所,s1_outline_101_sales_03,中期・単体,baseline,2023年度,2023,2023,existing_normalized_year,2023,,,,191,1,https://seichotoushi-hojo.jp/assets/pdf/koufu/outline_101.pdf
s1_outline_101,1次,株式会社正興電機製作所,s1_outline_101_sales_03,中期・単体,target,2026年度,2026,2026,existing_normalized_year,2026,,,,290,1,https://seichotoushi-hojo.jp/assets/pdf/koufu/outline_101.pdf
s1_outline_105,1次,中外医薬生産株式会社,s1_outline_105_sales_01,会社全体,target,2030年,2030,2030,existing_normalized_year,2030,,,,120,1,https://seichotoushi-hojo.jp/assets/pdf/koufu/outline_105.pdf
s1_outline_106,1次,株式会社シーエル,s1_outline_106_sales_01,単体,baseline,2023年,2023,2023,existing_normalized_year,2023,,,,81,1,https://seichotoushi-hojo.jp/assets/pdf/koufu/outline_106.pdf
s1_outline_106,1次,株式会社シーエル,s1_outline_106_sales_01,単体,target,2029年,2029,2029,existing_normalized_year,2029,,,,157,1,https://seichotoushi-hojo.jp/assets/pdf/koufu/outline_106.pdf
s1_outline_106,1次,株式会社シーエル,s1_outline_106_sales_02,グループ合計,baseline,2023年,2023,2023,existing_normalized_year,2023,,,,149,1,https://seichotoushi-hojo.jp/assets/pdf/koufu/outline_106.pdf
s1_outline_106,1次,株式会社シーエル,s1_outline_106_sales_02,グループ合計,target,2029年,2029,2029,existing_normalized_year,2029,,,,268,1,https://seichotoushi-hojo.jp/assets/pdf/koufu/outline_106.pdf
s1_outline_107,1次,株式会社ササキ,s1_outline_107_sales_01,会社全体,target,2030年,2030,2030,existing_normalized_year,2030,,,,110,1,https://seichotoushi-hojo.jp/assets/pdf/koufu/outline_107.pdf
s1_outline_108,1次,株式会社ミラプロ,s1_outline_108_sales_01,会社全体,target,2034年,2034,2034,existing_normalized_year,2034,,,,1000,2,https://seichotoushi-hojo.jp/assets/pdf/koufu/outline_108.pdf
s1_outline_109,1次,マイクロカット株式会社,s1_outline_109_sales_01,会社全体,baseline,23/12期,,2023,two_digit_year_assume_2000s,2023,12,12,12,39,1,https://seichotoushi-hojo.jp/assets/pdf/koufu/outline_109.pdf
s1_outline_109,1次,マイクロカット株式会社,s1_outline_109_sales_01,会社全体,target,2030年時点,2030,2030,existing_normalized_year,2030,,,,101,1,https://seichotoushi-hojo.jp/assets/pdf/koufu/outline_109.pdf
s1_outline_109,1次,マイクロカット株式会社,s1_outline_109_sales_02,既存事業,baseline,23/12期,,2023,two_digit_year_assume_2000s,2023,12,12,12,23,1,https://seichotoushi-hojo.jp/assets/pdf/koufu/outline_109.pdf
s1_outline_109,1次,マイクロカット株式会社,s1_outline_109_sales_02,既存事業,target,2030年時点,2030,2030,existing_normalized_year,2030,,,,32,1,https://seichotoushi-hojo.jp/assets/pdf/koufu/outline_109.pdf
s1_outline_109,1次,マイクロカット株式会社,s1_outline_109_sales_03,補助事業,baseline,23/12期,,2023,two_digit_year_assume_2000s,2023,12,12,12,16,1,https://seichotoushi-hojo.jp/assets/pdf/koufu/outline_109.pdf
s1_outline_109,1次,マイクロカット株式会社,s1_outline_109_sales_03,補助事業,target,2030年時点,2030,2030,existing_normalized_year,2030,,,,69,1,https://seichotoushi-hojo.jp/assets/pdf/koufu/outline_109.pdf
s1_outline_11,1次,大峰堂薬品工業株式会社,s1_outline_11_sales_02,会社全体（2035 KGI）,target,2035年まで,2035,2035,existing_normalized_year,2035,,,,200,1,https://seichotoushi-hojo.jp/assets/pdf/koufu/outline_11.pdf
s1_outline_110,1次,株式会社菰下鎔断,s1_outline_110_sales_01,会社全体,baseline,2024年3月度,2024,2024,existing_normalized_year,2024,3,3,3,123,1,https://seichotoushi-hojo.jp/assets/pdf/koufu/outline_110.pdf
s1_outline_110,1次,株式会社菰下鎔断,s1_outline_110_sales_01,会社全体,target,2028年3月度,2028,2028,existing_normalized_year,2028,3,3,3,205,1,https://seichotoushi-hojo.jp/assets/pdf/koufu/outline_110.pdf
s1_outline_112,1次,株式会社八芳園,s1_outline_112_sales_01,会社全体,baseline,23/9期（実績）,,2023,two_digit_year_assume_2000s,2023,9,9,9,85.7,1,https://seichotoushi-hojo.jp/assets/pdf/koufu/outline_112.pdf
s1_outline_112,1次,株式会社八芳園,s1_outline_112_sales_01,会社全体,target,29/9期,,2029,two_digit_year_assume_2000s,2029,9,9,9,140,1,https://seichotoushi-hojo.jp/assets/pdf/koufu/outline_112.pdf
s1_outline_114,1次,株式会社中西製作所,s1_outline_114_sales_01,会社全体,target,2030年,2030,2030,existing_normalized_year,2030,,,,450,1,https://seichotoushi-hojo.jp/assets/pdf/koufu/outline_114.pdf
s1_outline_115,1次,株式会社国際エキスプレス,s1_outline_115_sales_01,会社全体,baseline,2024年,2024,2024,existing_normalized_year,2024,,,,104,1,https://seichotoushi-hojo.jp/assets/pdf/koufu/outline_115.pdf
s1_outline_115,1次,株式会社国際エキスプレス,s1_outline_115_sales_01,会社全体,target,2030年,2030,2030,existing_normalized_year,2030,,,,248.6,1,https://seichotoushi-hojo.jp/assets/pdf/koufu/outline_115.pdf
s1_outline_117,1次,信越理研株式会社,s1_outline_117_sales_01,会社全体,target,2029年度,2029,2029,existing_normalized_year,2029,,,,120,1,https://seichotoushi-hojo.jp/assets/pdf/koufu/outline_117.pdf
s1_outline_117,1次,信越理研株式会社,s1_outline_117_sales_01,会社全体,baseline,,,,missing,,,,,49,1,https://seichotoushi-hojo.jp/assets/pdf/koufu/outline_117.pdf
s1_outline_12,1次,株式会社松岡,s1_outline_12_sales_01,会社全体,baseline,2023年度,2023,2023,existing_normalized_year,2023,,,,600,1,https://seichotoushi-hojo.jp/assets/pdf/koufu/outline_12.pdf
s1_outline_12,1次,株式会社松岡,s1_outline_12_sales_01,会社全体,target,2029年度,2029,2029,existing_normalized_year,2029,,,,948,1,https://seichotoushi-hojo.jp/assets/pdf/koufu/outline_12.pdf
s1_outline_120,1次,旭陽電気株式会社,s1_outline_120_sales_01,会社全体,target,2029年3月期,2029,2029,existing_normalized_year,2029,3,3,3,140,1,https://seichotoushi-hojo.jp/assets/pdf/koufu/outline_120.pdf
s1_outline_120,1次,旭陽電気株式会社,s1_outline_120_sales_01,会社全体,baseline,現状,,,unresolved_relative_or_missing_context,,,,,60,1,https://seichotoushi-hojo.jp/assets/pdf/koufu/outline_120.pdf
s1_outline_122,1次,岸和田製鋼株式会社,s1_outline_122_sales_01,会社全体売上高,baseline,21/3期,,2021,two_digit_year_assume_2000s,2021,3,3,3,266,1,https://seichotoushi-hojo.jp/assets/pdf/koufu/outline_122.pdf
s1_outline_122,1次,岸和田製鋼株式会社,s1_outline_122_sales_01,会社全体売上高,target,30/3期,,2030,two_digit_year_assume_2000s,2030,3,3,3,581,1,https://seichotoushi-hojo.jp/assets/pdf/koufu/outline_122.pdf
s1_outline_127,1次,株式会社ユニワールド,s1_outline_127_sales_01,全社売上高,baseline,2024年2月期,2024,2024,existing_normalized_year,2024,2,2,2,55.9,1,https://seichotoushi-hojo.jp/assets/pdf/koufu/outline_127.pdf
s1_outline_127,1次,株式会社ユニワールド,s1_outline_127_sales_01,全社売上高,target,2029年2月期まで,2029,2029,existing_normalized_year,2029,2,2,2,107.9,1,https://seichotoushi-hojo.jp/assets/pdf/koufu/outline_127.pdf
s1_outline_127,1次,株式会社ユニワールド,s1_outline_127_sales_02,PUMA. AT WORK,baseline,2024年2月期,2024,2024,existing_normalized_year,2024,2,2,2,9,1,https://seichotoushi-hojo.jp/assets/pdf/koufu/outline_127.pdf
s1_outline_127,1次,株式会社ユニワールド,s1_outline_127_sales_02,PUMA. AT WORK,target,2029年2月期まで,2029,2029,existing_normalized_year,2029,2,2,2,51,1,https://seichotoushi-hojo.jp/assets/pdf/koufu/outline_127.pdf
s1_outline_127,1次,株式会社ユニワールド,s1_outline_127_sales_04,国内長期目標,target,今後10年以内,,,relative_year_requires_anchor,2010,,,,150,1,https://seichotoushi-hojo.jp/assets/pdf/koufu/outline_127.pdf
s1_outline_128,1次,株式会社ただおザウルス,s1_outline_128_sales_01,補助事業（全社）の成長目標,baseline,2023/7期,2023,2023,existing_normalized_year,2023,7,7,7,5.95,1,https://seichotoushi-hojo.jp/assets/pdf/koufu/outline_128.pdf
s1_outline_128,1次,株式会社ただおザウルス,s1_outline_128_sales_01,補助事業（全社）の成長目標,target,2029/7期,2029,2029,existing_normalized_year,2029,7,7,7,22.66,1,https://seichotoushi-hojo.jp/assets/pdf/koufu/outline_128.pdf
s1_outline_130,1次,小林酒造株式会社,s1_outline_130_sales_01,会社全体,baseline,2023年9月決算,2023,2023,existing_normalized_year,2023,9,9,9,12,1,https://seichotoushi-hojo.jp/assets/pdf/koufu/outline_130.pdf
s1_outline_130,1次,小林酒造株式会社,s1_outline_130_sales_01,会社全体,target,2033年9月決算,2033,2033,existing_normalized_year,2033,9,9,9,45,1,https://seichotoushi-hojo.jp/assets/pdf/koufu/outline_130.pdf
s1_outline_136,1次,まねき食品株式会社,s1_outline_136_sales_01,会社全体,baseline,直近2023年8月期,2023,2023,existing_normalized_year,2023,8,8,8,47.89,1,https://seichotoushi-hojo.jp/assets/pdf/koufu/outline_136.pdf
s1_outline_136,1次,まねき食品株式会社,s1_outline_136_sales_01,会社全体,target,2030年8月まで,2030,2030,existing_normalized_year,2030,8,8,8,100,1,https://seichotoushi-hojo.jp/assets/pdf/koufu/outline_136.pdf
s1_outline_137,1次,総武機械株式会社,s1_outline_137_sales_01,会社全体,baseline,2023年5月期,2023,2023,existing_normalized_year,2023,5,5,5,21.39,1,https://seichotoushi-hojo.jp/assets/pdf/koufu/outline_137.pdf
s1_outline_137,1次,総武機械株式会社,s1_outline_137_sales_01,会社全体,target,2030年5月期,2030,2030,existing_normalized_year,2030,5,5,5,55,1,https://seichotoushi-hojo.jp/assets/pdf/koufu/outline_137.pdf
s1_outline_139,1次,川﨑工業株式会社,s1_outline_139_sales_01,会社全体・2030目標,baseline,2023年8月期実績,2023,2023,existing_normalized_year,2023,8,8,8,117.3,1,https://seichotoushi-hojo.jp/assets/pdf/koufu/outline_139.pdf
s1_outline_139,1次,川﨑工業株式会社,s1_outline_139_sales_01,会社全体・2030目標,target,2030年3月期,2030,2030,existing_normalized_year,2030,3,3,3,194.1,1,https://seichotoushi-hojo.jp/assets/pdf/koufu/outline_139.pdf
s1_outline_139,1次,川﨑工業株式会社,s1_outline_139_sales_02,会社全体・2040目標,baseline,2023年8月期実績,2023,2023,existing_normalized_year,2023,8,8,8,117.3,1,https://seichotoushi-hojo.jp/assets/pdf/koufu/outline_139.pdf
s1_outline_139,1次,川﨑工業株式会社,s1_outline_139_sales_02,会社全体・2040目標,target,2040年3月期,2040,2040,existing_normalized_year,2040,3,3,3,230,1,https://seichotoushi-hojo.jp/assets/pdf/koufu/outline_139.pdf
s1_outline_14,1次,日華化学株式会社,s1_outline_14_sales_01,日華グループ連結売上,baseline,2023年,2023,2023,existing_normalized_year,2023,,,,500,1,https://seichotoushi-hojo.jp/assets/pdf/koufu/outline_14.pdf
s1_outline_14,1次,日華化学株式会社,s1_outline_14_sales_01,日華グループ連結売上,target,2030年,2030,2030,existing_normalized_year,2030,,,,700,1,https://seichotoushi-hojo.jp/assets/pdf/koufu/outline_14.pdf
s1_outline_14,1次,日華化学株式会社,s1_outline_14_sales_02,化学品事業,baseline,2023年,2023,2023,existing_normalized_year,2023,,,,361,1,https://seichotoushi-hojo.jp/assets/pdf/koufu/outline_14.pdf
s1_outline_14,1次,日華化学株式会社,s1_outline_14_sales_02,化学品事業,target,2030年,2030,2030,existing_normalized_year,2030,,,,450,1,https://seichotoushi-hojo.jp/assets/pdf/koufu/outline_14.pdf
s1_outline_14,1次,日華化学株式会社,s1_outline_14_sales_03,化粧品事業,baseline,2023年,2023,2023,existing_normalized_year,2023,,,,139,1,https://seichotoushi-hojo.jp/assets/pdf/koufu/outline_14.pdf
s1_outline_14,1次,日華化学株式会社,s1_outline_14_sales_03,化粧品事業,target,2030年,2030,2030,existing_normalized_year,2030,,,,250,1,https://seichotoushi-hojo.jp/assets/pdf/koufu/outline_14.pdf
s1_outline_140,1次,新生電子株式会社,s1_outline_140_sales_01,会社全体・成長目標,target,2030年3月期（2029年度）,2030,2030,existing_normalized_year,2030,3,3,3,300,2,https://seichotoushi-hojo.jp/assets/pdf/koufu/outline_140.pdf
s1_outline_140,1次,新生電子株式会社,s1_outline_140_sales_01,会社全体・成長目標,baseline,2023年3月期（直前期）,,,unresolved_relative_or_missing_context,,,,,160,2,https://seichotoushi-hojo.jp/assets/pdf/koufu/outline_140.pdf
s1_outline_141,1次,共栄フード株式会社,s1_outline_141_sales_01,会社全体,baseline,2023,2023,2023,existing_normalized_year,2023,,,,146.7,1,https://seichotoushi-hojo.jp/assets/pdf/koufu/outline_141.pdf
s1_outline_141,1次,共栄フード株式会社,s1_outline_141_sales_01,会社全体,target,2029,2029,2029,existing_normalized_year,2029,,,,300.4,1,https://seichotoushi-hojo.jp/assets/pdf/koufu/outline_141.pdf
s1_outline_145,1次,株式会社小松電業所,s1_outline_145_sales_01,当社単体,baseline,2023,2023,2023,existing_normalized_year,2023,,,,155,1,https://seichotoushi-hojo.jp/assets/pdf/koufu/outline_145.pdf
s1_outline_145,1次,株式会社小松電業所,s1_outline_145_sales_01,当社単体,target,2029,2029,2029,existing_normalized_year,2029,,,,246,1,https://seichotoushi-hojo.jp/assets/pdf/koufu/outline_145.pdf
s1_outline_145,1次,株式会社小松電業所,s1_outline_145_sales_02,グループ全体,baseline,2023,2023,2023,existing_normalized_year,2023,,,,228,1,https://seichotoushi-hojo.jp/assets/pdf/koufu/outline_145.pdf
s1_outline_145,1次,株式会社小松電業所,s1_outline_145_sales_02,グループ全体,target,2029,2029,2029,existing_normalized_year,2029,,,,346,1,https://seichotoushi-hojo.jp/assets/pdf/koufu/outline_145.pdf
s1_outline_147,1次,株式会社ｂｕｄ梱包出荷サポート,s1_outline_147_sales_01,会社全体,target,2029年10月期,,2029,four_digit_year_from_label,2029,,10,10,55,1,https://seichotoushi-hojo.jp/assets/pdf/koufu/outline_147.pdf
s1_outline_148,1次,株式会社しばた工芸,s1_outline_148_sales_01,会社全体,target,2031年2月期,,2031,four_digit_year_from_label,2031,,2,2,70,1,https://seichotoushi-hojo.jp/assets/pdf/koufu/outline_148.pdf
s1_outline_148,1次,株式会社しばた工芸,s1_outline_148_sales_01,会社全体,baseline,補助事業前,,,unresolved_relative_or_missing_context,,,,,25,1,https://seichotoushi-hojo.jp/assets/pdf/koufu/outline_148.pdf
s1_outline_149,1次,株式会社共同物流サービス,s1_outline_149_sales_01,会社全体,baseline,2023,2023,2023,existing_normalized_year,2023,,,,57.8,1,https://seichotoushi-hojo.jp/assets/pdf/koufu/outline_149.pdf
s1_outline_149,1次,株式会社共同物流サービス,s1_outline_149_sales_01,会社全体,target,2029,2029,2029,existing_normalized_year,2029,,,,100,1,https://seichotoushi-hojo.jp/assets/pdf/koufu/outline_149.pdf
s1_outline_150,1次,三笠産業株式会社,s1_outline_150_sales_01,単体,baseline,2023,2023,2023,existing_normalized_year,2023,,,,120,1,https://seichotoushi-hojo.jp/assets/pdf/koufu/outline_150.pdf
s1_outline_150,1次,三笠産業株式会社,s1_outline_150_sales_01,単体,target,2029,2029,2029,existing_normalized_year,2029,,,,185,1,https://seichotoushi-hojo.jp/assets/pdf/koufu/outline_150.pdf
s1_outline_150,1次,三笠産業株式会社,s1_outline_150_sales_02,連結,baseline,2023,2023,2023,existing_normalized_year,2023,,,,125,1,https://seichotoushi-hojo.jp/assets/pdf/koufu/outline_150.pdf
s1_outline_150,1次,三笠産業株式会社,s1_outline_150_sales_02,連結,target,2029,2029,2029,existing_normalized_year,2029,,,,200,1,https://seichotoushi-hojo.jp/assets/pdf/koufu/outline_150.pdf
s1_outline_150,1次,三笠産業株式会社,s1_outline_150_sales_03,単体・長期,baseline,2023,2023,2023,existing_normalized_year,2023,,,,120,1,https://seichotoushi-hojo.jp/assets/pdf/koufu/outline_150.pdf
s1_outline_150,1次,三笠産業株式会社,s1_outline_150_sales_03,単体・長期,target,2032,2032,2032,existing_normalized_year,2032,,,,200,1,https://seichotoushi-hojo.jp/assets/pdf/koufu/outline_150.pdf
s1_outline_150,1次,三笠産業株式会社,s1_outline_150_sales_04,連結・長期,baseline,2023,2023,2023,existing_normalized_year,2023,,,,125,1,https://seichotoushi-hojo.jp/assets/pdf/koufu/outline_150.pdf
s1_outline_150,1次,三笠産業株式会社,s1_outline_150_sales_04,連結・長期,target,2032,2032,2032,existing_normalized_year,2032,,,,230,1,https://seichotoushi-hojo.jp/assets/pdf/koufu/outline_150.pdf
s1_outline_151,1次,四国医療サービス株式会社,s1_outline_151_sales_01,会社全体,baseline,2023/12期,,2023,four_digit_year_from_label,2023,,12,12,115.33,1,https://seichotoushi-hojo.jp/assets/pdf/koufu/outline_151.pdf
s1_outline_151,1次,四国医療サービス株式会社,s1_outline_151_sales_01,会社全体,target,2028/12期,,2028,four_digit_year_from_label,2028,,12,12,154.13,1,https://seichotoushi-hojo.jp/assets/pdf/koufu/outline_151.pdf
s1_outline_151,1次,四国医療サービス株式会社,s1_outline_151_sales_02,補助事業,baseline,2023/12期,,2023,four_digit_year_from_label,2023,,12,12,44.14,1,https://seichotoushi-hojo.jp/assets/pdf/koufu/outline_151.pdf
s1_outline_151,1次,四国医療サービス株式会社,s1_outline_151_sales_02,補助事業,target,2028/12期,,2028,four_digit_year_from_label,2028,,12,12,79.94,1,https://seichotoushi-hojo.jp/assets/pdf/koufu/outline_151.pdf
s1_outline_153,1次,株式会社越後屋,s1_outline_153_sales_01,会社全体（FC含む）,target,2040年10月期,,2040,four_digit_year_from_label,2040,,10,10,1000,1,https://seichotoushi-hojo.jp/assets/pdf/koufu/outline_153.pdf
s1_outline_153,1次,株式会社越後屋,s1_outline_153_sales_01,会社全体（FC含む）,baseline,,,,missing,,,,,35,1,https://seichotoushi-hojo.jp/assets/pdf/koufu/outline_153.pdf
s1_outline_154,1次,中央観光株式会社,s1_outline_154_sales_01,会社全体,target,2030,2030,2030,existing_normalized_year,2030,,,,100,1,https://seichotoushi-hojo.jp/assets/pdf/koufu/outline_154.pdf
s1_outline_155,1次,株式会社スギノマシン,s1_outline_155_sales_01,会社全体,target,2029,2029,2029,existing_normalized_year,2029,,,,365,1,https://seichotoushi-hojo.jp/assets/pdf/koufu/outline_155.pdf
s1_outline_156,1次,株式会社ダイセイ,s1_outline_156_sales_01,会社全体,baseline,2023,2023,2023,existing_normalized_year,2023,,,,18.06877,1,https://seichotoushi-hojo.jp/assets/pdf/koufu/outline_156.pdf
s1_outline_156,1次,株式会社ダイセイ,s1_outline_156_sales_01,会社全体,target,2031,2031,2031,existing_normalized_year,2031,,,,30,1,https://seichotoushi-hojo.jp/assets/pdf/koufu/outline_156.pdf
s1_outline_158,1次,平和食品工業株式会社,s1_outline_158_sales_01,会社全体,baseline,2025,2025,2025,existing_normalized_year,2025,,,,63,1,https://seichotoushi-hojo.jp/assets/pdf/koufu/outline_158.pdf
s1_outline_158,1次,平和食品工業株式会社,s1_outline_158_sales_01,会社全体,target,2032,2032,2032,existing_normalized_year,2032,,,,135,1,https://seichotoushi-hojo.jp/assets/pdf/koufu/outline_158.pdf
s1_outline_159,1次,浦島観光ホテル株式会社,s1_outline_159_sales_01,コンソーシアム全体,baseline,23年度,,2023,two_digit_year_assume_2000s,2023,,,,55.6,1,https://seichotoushi-hojo.jp/assets/pdf/koufu/outline_159.pdf
s1_outline_159,1次,浦島観光ホテル株式会社,s1_outline_159_sales_01,コンソーシアム全体,target,29年度,,2029,two_digit_year_assume_2000s,2029,,,,82,1,https://seichotoushi-hojo.jp/assets/pdf/koufu/outline_159.pdf
s1_outline_159,1次,浦島観光ホテル株式会社,s1_outline_159_sales_02,浦島観光ホテル,baseline,23年度,,2023,two_digit_year_assume_2000s,2023,,,,35.3,1,https://seichotoushi-hojo.jp/assets/pdf/koufu/outline_159.pdf
s1_outline_159,1次,浦島観光ホテル株式会社,s1_outline_159_sales_02,浦島観光ホテル,target,29年度,,2029,two_digit_year_assume_2000s,2029,,,,49.3,1,https://seichotoushi-hojo.jp/assets/pdf/koufu/outline_159.pdf
s1_outline_159,1次,浦島観光ホテル株式会社,s1_outline_159_sales_03,丸峰観光ホテル,baseline,23年度,,2023,two_digit_year_assume_2000s,2023,,,,7.6,1,https://seichotoushi-hojo.jp/assets/pdf/koufu/outline_159.pdf
s1_outline_159,1次,浦島観光ホテル株式会社,s1_outline_159_sales_03,丸峰観光ホテル,target,29年度,,2029,two_digit_year_assume_2000s,2029,,,,14.6,1,https://seichotoushi-hojo.jp/assets/pdf/koufu/outline_159.pdf
s1_outline_159,1次,浦島観光ホテル株式会社,s1_outline_159_sales_04,みちのホテルズ,baseline,23年度,,2023,two_digit_year_assume_2000s,2023,,,,12.7,1,https://seichotoushi-hojo.jp/assets/pdf/koufu/outline_159.pdf
s1_outline_159,1次,浦島観光ホテル株式会社,s1_outline_159_sales_04,みちのホテルズ,target,29年度,,2029,two_digit_year_assume_2000s,2029,,,,18,1,https://seichotoushi-hojo.jp/assets/pdf/koufu/outline_159.pdf
s1_outline_162,1次,信光陸運株式会社,s1_outline_162_sales_01,会社全体,baseline,2024年5月期,2024,2024,existing_normalized_year,2024,5,5,5,28.82,1,https://seichotoushi-hojo.jp/assets/pdf/koufu/outline_162.pdf
s1_outline_162,1次,信光陸運株式会社,s1_outline_162_sales_01,会社全体,target,2034年5月期,2034,2034,existing_normalized_year,2034,5,5,5,62.01,1,https://seichotoushi-hojo.jp/assets/pdf/koufu/outline_162.pdf
s1_outline_164,1次,株式会社福砂屋グループ,s1_outline_164_sales_01,グループ連結,target,2033年度,2033,2033,existing_normalized_year,2033,,,,134.3,1,https://seichotoushi-hojo.jp/assets/pdf/koufu/outline_164.pdf
s1_outline_164,1次,株式会社福砂屋グループ,s1_outline_164_sales_02,東京連結,target,2033年度,2033,2033,existing_normalized_year,2033,,,,88,1,https://seichotoushi-hojo.jp/assets/pdf/koufu/outline_164.pdf
s1_outline_167,1次,銘建工業株式会社,s1_outline_167_sales_01,会社全体,baseline,2023年12月期,2023,2023,existing_normalized_year,2023,12,12,12,300,1,https://seichotoushi-hojo.jp/assets/pdf/koufu/outline_167.pdf
s1_outline_167,1次,銘建工業株式会社,s1_outline_167_sales_01,会社全体,target,2029年度,2029,2029,existing_normalized_year,2029,,,,436,1,https://seichotoushi-hojo.jp/assets/pdf/koufu/outline_167.pdf
s1_outline_21,1次,株式会社くまさんメディクス,s1_outline_21_sales_01,会社全体,baseline,2023年8月期,2023,2023,existing_normalized_year,2023,8,8,8,306,1,https://seichotoushi-hojo.jp/assets/pdf/koufu/outline_21.pdf
s1_outline_21,1次,株式会社くまさんメディクス,s1_outline_21_sales_01,会社全体,target,2030年8月期,2030,2030,existing_normalized_year,2030,8,8,8,500,1,https://seichotoushi-hojo.jp/assets/pdf/koufu/outline_21.pdf
s1_outline_23,1次,株式会社ジェーイーエル,s1_outline_23_sales_01,会社全体,baseline,2023年5月期,2023,2023,existing_normalized_year,2023,5,5,5,145,1,https://seichotoushi-hojo.jp/assets/pdf/koufu/outline_23.pdf
s1_outline_23,1次,株式会社ジェーイーエル,s1_outline_23_sales_01,会社全体,target,2030年5月期,2030,2030,existing_normalized_year,2030,5,5,5,231,1,https://seichotoushi-hojo.jp/assets/pdf/koufu/outline_23.pdf
s1_outline_23,1次,株式会社ジェーイーエル,s1_outline_23_sales_02,補助事業（尾道工場）,target,2030年5月期,2030,2030,existing_normalized_year,2030,5,5,5,80,1,https://seichotoushi-hojo.jp/assets/pdf/koufu/outline_23.pdf
s1_outline_24,1次,株式会社フジキン,s1_outline_24_sales_01,グループ全体（連結）,baseline,2023年度,2023,2023,existing_normalized_year,2023,,,,1701,1,https://seichotoushi-hojo.jp/assets/pdf/koufu/outline_24.pdf
s1_outline_24,1次,株式会社フジキン,s1_outline_24_sales_01,グループ全体（連結）,target,2030年度,2030,2030,existing_normalized_year,2030,,,,3000,1,https://seichotoushi-hojo.jp/assets/pdf/koufu/outline_24.pdf
s1_outline_24,1次,株式会社フジキン,s1_outline_24_sales_02,フジキン単体,baseline,2023年度,2023,2023,existing_normalized_year,2023,,,,836,1,https://seichotoushi-hojo.jp/assets/pdf/koufu/outline_24.pdf
s1_outline_24,1次,株式会社フジキン,s1_outline_24_sales_02,フジキン単体,target,2030年度,2030,2030,existing_normalized_year,2030,,,,1420,1,https://seichotoushi-hojo.jp/assets/pdf/koufu/outline_24.pdf
s1_outline_25,1次,日本リファイン株式会社,s1_outline_25_sales_01,グループ全社,baseline,2023年度,2023,2023,existing_normalized_year,2023,,,,209,1,https://seichotoushi-hojo.jp/assets/pdf/koufu/outline_25.pdf
s1_outline_25,1次,日本リファイン株式会社,s1_outline_25_sales_01,グループ全社,target,2029年度,2029,2029,existing_normalized_year,2029,,,,500,1,https://seichotoushi-hojo.jp/assets/pdf/koufu/outline_25.pdf
s1_outline_25,1次,日本リファイン株式会社,s1_outline_25_sales_02,日本リファイン単体,baseline,2023年度,2023,2023,existing_normalized_year,2023,,,,121,1,https://seichotoushi-hojo.jp/assets/pdf/koufu/outline_25.pdf
s1_outline_25,1次,日本リファイン株式会社,s1_outline_25_sales_02,日本リファイン単体,target,2029年度,2029,2029,existing_normalized_year,2029,,,,189,1,https://seichotoushi-hojo.jp/assets/pdf/koufu/outline_25.pdf
s1_outline_26,1次,日星電気株式会社,s1_outline_26_sales_01,会社全体,target,2029年度,2029,2029,existing_normalized_year,2029,,,,530,1,https://seichotoushi-hojo.jp/assets/pdf/koufu/outline_26.pdf
s1_outline_27,1次,株式会社クラタ,s1_outline_27_sales_01,会社全体,baseline,2023年度,2023,2023,existing_normalized_year,2023,,,,47,1,https://seichotoushi-hojo.jp/assets/pdf/koufu/outline_27.pdf
s1_outline_27,1次,株式会社クラタ,s1_outline_27_sales_01,会社全体,target,2035年度,2035,2035,existing_normalized_year,2035,,,,80,1,https://seichotoushi-hojo.jp/assets/pdf/koufu/outline_27.pdf
s1_outline_29,1次,株式会社三和テスコ,s1_outline_29_sales_02,補助事業売上（国内）,target,2028年,2028,2028,existing_normalized_year,2028,,,,30,1,https://seichotoushi-hojo.jp/assets/pdf/koufu/outline_29.pdf
s1_outline_29,1次,株式会社三和テスコ,s1_outline_29_sales_03,補助事業売上（海外）,target,2028年,2028,2028,existing_normalized_year,2028,,,,15,1,https://seichotoushi-hojo.jp/assets/pdf/koufu/outline_29.pdf
s1_outline_32,1次,オリヒロエンジニアリング株式会社,s1_outline_32_sales_01,当社単体,baseline,2023年度,2023,2023,existing_normalized_year,2023,,,,28,1,https://seichotoushi-hojo.jp/assets/pdf/koufu/outline_32.pdf
s1_outline_32,1次,オリヒロエンジニアリング株式会社,s1_outline_32_sales_01,当社単体,target,2029年度,2029,2029,existing_normalized_year,2029,,,,65,1,https://seichotoushi-hojo.jp/assets/pdf/koufu/outline_32.pdf
s1_outline_32,1次,オリヒロエンジニアリング株式会社,s1_outline_32_sales_02,グループ全体,baseline,2023年度,2023,2023,existing_normalized_year,2023,,,,489,1,https://seichotoushi-hojo.jp/assets/pdf/koufu/outline_32.pdf
s1_outline_32,1次,オリヒロエンジニアリング株式会社,s1_outline_32_sales_02,グループ全体,target,2030年度,2030,2030,existing_normalized_year,2030,,,,700,1,https://seichotoushi-hojo.jp/assets/pdf/koufu/outline_32.pdf
s1_outline_34,1次,株式会社柴田合成,s1_outline_34_sales_01,会社全体,baseline,2023年度,2023,2023,existing_normalized_year,2023,,,,95,1,https://seichotoushi-hojo.jp/assets/pdf/koufu/outline_34.pdf
s1_outline_34,1次,株式会社柴田合成,s1_outline_34_sales_01,会社全体,target,2028年度,2028,2028,existing_normalized_year,2028,,,,150,1,https://seichotoushi-hojo.jp/assets/pdf/koufu/outline_34.pdf
s1_outline_34,1次,株式会社柴田合成,s1_outline_34_sales_02,容器事業,baseline,2023年度,2023,2023,existing_normalized_year,2023,,,,5,1,https://seichotoushi-hojo.jp/assets/pdf/koufu/outline_34.pdf
s1_outline_34,1次,株式会社柴田合成,s1_outline_34_sales_02,容器事業,target,2028年度,2028,2028,existing_normalized_year,2028,,,,50,1,https://seichotoushi-hojo.jp/assets/pdf/koufu/outline_34.pdf
s1_outline_38,1次,テラル株式会社,s1_outline_38_sales_02,会社全体・連結,target,2030年,2030,2030,existing_normalized_year,2030,,,,1000,1,https://seichotoushi-hojo.jp/assets/pdf/koufu/outline_38.pdf
s1_outline_39,1次,株式会社ハウゼコ,s1_outline_39_sales_01,会社全体,baseline,2024年,2024,2024,existing_normalized_year,2024,,,,46,1,https://seichotoushi-hojo.jp/assets/pdf/koufu/outline_39.pdf
s1_outline_39,1次,株式会社ハウゼコ,s1_outline_39_sales_01,会社全体,target,2029年1月期,2029,2029,existing_normalized_year,2029,1,1,1,66,1,https://seichotoushi-hojo.jp/assets/pdf/koufu/outline_39.pdf
s1_outline_41,1次,株式会社ビッグハウス,s1_outline_41_sales_01,会社全体,baseline,2023年,2023,2023,existing_normalized_year,2023,,,,8,1,https://seichotoushi-hojo.jp/assets/pdf/koufu/outline_41.pdf
s1_outline_41,1次,株式会社ビッグハウス,s1_outline_41_sales_01,会社全体,target,2029年,2029,2029,existing_normalized_year,2029,,,,22,1,https://seichotoushi-hojo.jp/assets/pdf/koufu/outline_41.pdf
s1_outline_43,1次,丸井産業株式会社,s1_outline_43_sales_01,会社全体売上高,baseline,2022年,2022,2022,existing_normalized_year,2022,,,,599,1,https://seichotoushi-hojo.jp/assets/pdf/koufu/outline_43.pdf
s1_outline_43,1次,丸井産業株式会社,s1_outline_43_sales_01,会社全体売上高,intermediate,2023,2023,2023,explicit_four_digit_year,2023,,,,643,1,https://seichotoushi-hojo.jp/assets/pdf/koufu/outline_43.pdf
s1_outline_43,1次,丸井産業株式会社,s1_outline_43_sales_01,会社全体売上高,intermediate,2024,2024,2024,explicit_four_digit_year,2024,,,,688,1,https://seichotoushi-hojo.jp/assets/pdf/koufu/outline_43.pdf
s1_outline_43,1次,丸井産業株式会社,s1_outline_43_sales_01,会社全体売上高,intermediate,2025,2025,2025,explicit_four_digit_year,2025,,,,736,1,https://seichotoushi-hojo.jp/assets/pdf/koufu/outline_43.pdf
s1_outline_43,1次,丸井産業株式会社,s1_outline_43_sales_01,会社全体売上高,intermediate,2026,2026,2026,explicit_four_digit_year,2026,,,,788,1,https://seichotoushi-hojo.jp/assets/pdf/koufu/outline_43.pdf
s1_outline_43,1次,丸井産業株式会社,s1_outline_43_sales_01,会社全体売上高,intermediate,2027,2027,2027,explicit_four_digit_year,2027,,,,843,1,https://seichotoushi-hojo.jp/assets/pdf/koufu/outline_43.pdf
s1_outline_43,1次,丸井産業株式会社,s1_outline_43_sales_01,会社全体売上高,intermediate,2028,2028,2028,explicit_four_digit_year,2028,,,,902,1,https://seichotoushi-hojo.jp/assets/pdf/koufu/outline_43.pdf
s1_outline_43,1次,丸井産業株式会社,s1_outline_43_sales_01,会社全体売上高,intermediate,2029,2029,2029,explicit_four_digit_year,2029,,,,965,1,https://seichotoushi-hojo.jp/assets/pdf/koufu/outline_43.pdf
s1_outline_43,1次,丸井産業株式会社,s1_outline_43_sales_01,会社全体売上高,target,2030年,2030,2030,existing_normalized_year,2030,,,,1032,1,https://seichotoushi-hojo.jp/assets/pdf/koufu/outline_43.pdf
s1_outline_46,1次,株式会社アイスコ,s1_outline_46_sales_01,会社全体,target,2030年3月期,2030,2030,existing_normalized_year,2030,3,3,3,1000,1,https://seichotoushi-hojo.jp/assets/pdf/koufu/outline_46.pdf
s1_outline_48,1次,SINGS株式会社,s1_outline_48_sales_01,会社全体,baseline,2024年1月期,2024,2024,existing_normalized_year,2024,1,1,1,33,1,https://seichotoushi-hojo.jp/assets/pdf/koufu/outline_48.pdf
s1_outline_49,1次,株式会社ＡＫシステム,s1_outline_49_sales_01,会社全体,baseline,2023年3月期実績,2023,2023,existing_normalized_year,2023,3,3,3,21.9,1,https://seichotoushi-hojo.jp/assets/pdf/koufu/outline_49.pdf
s1_outline_49,1次,株式会社ＡＫシステム,s1_outline_49_sales_01,会社全体,target,2029年3月期計画,2029,2029,existing_normalized_year,2029,3,3,3,40,1,https://seichotoushi-hojo.jp/assets/pdf/koufu/outline_49.pdf
s1_outline_5,1次,大森機械工業株式会社,s1_outline_5_sales_01,連結,baseline,2023年5月期（直近年度）,2023,2023,existing_normalized_year,2023,5,5,5,394,1,https://seichotoushi-hojo.jp/assets/pdf/koufu/outline_5.pdf
s1_outline_5,1次,大森機械工業株式会社,s1_outline_5_sales_01,連結,target,2029年5月期（5年後）,2029,2029,existing_normalized_year,2029,5,5,5,620,1,https://seichotoushi-hojo.jp/assets/pdf/koufu/outline_5.pdf
s1_outline_5,1次,大森機械工業株式会社,s1_outline_5_sales_02,単体,baseline,2023年5月期（直近年度）,2023,2023,existing_normalized_year,2023,5,5,5,222,1,https://seichotoushi-hojo.jp/assets/pdf/koufu/outline_5.pdf
s1_outline_5,1次,大森機械工業株式会社,s1_outline_5_sales_02,単体,target,2029年5月期（5年後）,2029,2029,existing_normalized_year,2029,5,5,5,352,1,https://seichotoushi-hojo.jp/assets/pdf/koufu/outline_5.pdf
s1_outline_52,1次,株式会社平島,s1_outline_52_sales_02,製品製造・販売事業,target,2030年,2030,2030,existing_normalized_year,2030,,,,109,1,https://seichotoushi-hojo.jp/assets/pdf/koufu/outline_52.pdf
s1_outline_52,1次,株式会社平島,s1_outline_52_sales_03,施工・研究開発事業,target,2030年,2030,2030,existing_normalized_year,2030,,,,8.1,1,https://seichotoushi-hojo.jp/assets/pdf/koufu/outline_52.pdf
s1_outline_52,1次,株式会社平島,s1_outline_52_sales_04,原料製造・販売事業,target,2030年,2030,2030,existing_normalized_year,2030,,,,23,1,https://seichotoushi-hojo.jp/assets/pdf/koufu/outline_52.pdf
s1_outline_55,1次,株式会社コーヨークリエイト,s1_outline_55_sales_01,会社全体（長期目標）,target,2034年6月期（原文括弧は2023年度）,2034,2034,existing_normalized_year,2034,6,6,6,100,1,https://seichotoushi-hojo.jp/assets/pdf/koufu/outline_55.pdf
s1_outline_55,1次,株式会社コーヨークリエイト,s1_outline_55_sales_01,会社全体（長期目標）,baseline,直近決算,,,unresolved_relative_or_missing_context,,,,,30,1,https://seichotoushi-hojo.jp/assets/pdf/koufu/outline_55.pdf
s1_outline_55,1次,株式会社コーヨークリエイト,s1_outline_55_sales_02,会社全体（中間目標）,target,2029年6月期（2028年度）,2029,2029,existing_normalized_year,2029,6,6,6,70,1,https://seichotoushi-hojo.jp/assets/pdf/koufu/outline_55.pdf
s1_outline_55,1次,株式会社コーヨークリエイト,s1_outline_55_sales_02,会社全体（中間目標）,baseline,直近決算,,,unresolved_relative_or_missing_context,,,,,30,1,https://seichotoushi-hojo.jp/assets/pdf/koufu/outline_55.pdf
s1_outline_56,1次,高知通運株式会社,s1_outline_56_sales_02,運送事業,target,2035年まで,2035,2035,existing_normalized_year,2035,,,,100,1,https://seichotoushi-hojo.jp/assets/pdf/koufu/outline_56.pdf
s1_outline_58,1次,三晶エムイーシー株式会社,s1_outline_58_sales_01,会社全体,target,2028年11月期（基準年度2025年11月期+3年度）,2028,2028,existing_normalized_year,2028,11,11,11,47.62844105,1,https://seichotoushi-hojo.jp/assets/pdf/koufu/outline_58.pdf
s1_outline_58,1次,三晶エムイーシー株式会社,s1_outline_58_sales_02,補助事業,target,2028年11月期（基準年度2025年11月期+3年度）,2028,2028,existing_normalized_year,2028,11,11,11,38.67530338,1,https://seichotoushi-hojo.jp/assets/pdf/koufu/outline_58.pdf
s1_outline_61,1次,三恵工業株式会社,s1_outline_61_sales_01,三恵工業,baseline,2022年度比,2022,2022,existing_normalized_year,2022,,,,180,1,https://seichotoushi-hojo.jp/assets/pdf/koufu/outline_61.pdf
s1_outline_61,1次,三恵工業株式会社,s1_outline_61_sales_01,三恵工業,target,2030年度,2030,2030,existing_normalized_year,2030,,,,500,1,https://seichotoushi-hojo.jp/assets/pdf/koufu/outline_61.pdf
s1_outline_63,1次,株式会社オティックスホールディングス,s1_outline_63_sales_01,グループ全体・電動車部品2030,baseline,2024年1月期,2024,2024,existing_normalized_year,2024,1,1,1,82,1,https://seichotoushi-hojo.jp/assets/pdf/koufu/outline_63.pdf
s1_outline_63,1次,株式会社オティックスホールディングス,s1_outline_63_sales_01,グループ全体・電動車部品2030,target,2030年1月期,2030,2030,existing_normalized_year,2030,1,1,1,181,1,https://seichotoushi-hojo.jp/assets/pdf/koufu/outline_63.pdf
s1_outline_63,1次,株式会社オティックスホールディングス,s1_outline_63_sales_02,グループ全体・電動車部品2038,baseline,2024年1月期,2024,2024,existing_normalized_year,2024,1,1,1,82,1,https://seichotoushi-hojo.jp/assets/pdf/koufu/outline_63.pdf
s1_outline_63,1次,株式会社オティックスホールディングス,s1_outline_63_sales_02,グループ全体・電動車部品2038,target,2038年,2038,2038,existing_normalized_year,2038,,,,600,1,https://seichotoushi-hojo.jp/assets/pdf/koufu/outline_63.pdf
s1_outline_65,1次,株式会社松風,s1_outline_65_sales_02,連結,target,2028年3月期,2028,2028,existing_normalized_year,2028,3,3,3,500,1,https://seichotoushi-hojo.jp/assets/pdf/koufu/outline_65.pdf
s1_outline_66,1次,株式会社アルプスツール,s1_outline_66_sales_01,会社全体,target,2030年まで,2030,2030,existing_normalized_year,2030,,,,130,1,https://seichotoushi-hojo.jp/assets/pdf/koufu/outline_66.pdf
s1_outline_66,1次,株式会社アルプスツール,s1_outline_66_sales_02,補助事業,target,2030年まで,2030,2030,existing_normalized_year,2030,,,,30,1,https://seichotoushi-hojo.jp/assets/pdf/koufu/outline_66.pdf
s1_outline_69,1次,NAX JAPAN株式会社,s1_outline_69_sales_01,会社全体,baseline,2023年度実績,2023,2023,existing_normalized_year,2023,,,,102,1,https://seichotoushi-hojo.jp/assets/pdf/koufu/outline_69.pdf
s1_outline_69,1次,NAX JAPAN株式会社,s1_outline_69_sales_01,会社全体,target,2030年まで,2030,2030,existing_normalized_year,2030,,,,202,1,https://seichotoushi-hojo.jp/assets/pdf/koufu/outline_69.pdf
s1_outline_7,1次,株式会社ＭＡＲＵＷＡ,s1_outline_7_sales_01,会社全体・短期目標,target,2025年まで,2025,2025,existing_normalized_year,2025,,,,700,1,https://seichotoushi-hojo.jp/assets/pdf/koufu/outline_7.pdf
s1_outline_7,1次,株式会社ＭＡＲＵＷＡ,s1_outline_7_sales_02,会社全体・中期目標,target,2026年から数年間,2026,2026,existing_normalized_year,2026,,,,1000,1,https://seichotoushi-hojo.jp/assets/pdf/koufu/outline_7.pdf
s1_outline_70,1次,協和工業株式会社,s1_outline_70_sales_01,会社全体,baseline,2023年（グラフ起点）,2023,2023,existing_normalized_year,2023,,,,50,1,https://seichotoushi-hojo.jp/assets/pdf/koufu/outline_70.pdf
s1_outline_70,1次,協和工業株式会社,s1_outline_70_sales_01,会社全体,target,2030年まで,2030,2030,existing_normalized_year,2030,,,,75,1,https://seichotoushi-hojo.jp/assets/pdf/koufu/outline_70.pdf
s1_outline_72,1次,ヤマセ電気株式会社,s1_outline_72_sales_01,ヤマセグループ全体,target,2028年,2028,2028,existing_normalized_year,2028,,,,380,1,https://seichotoushi-hojo.jp/assets/pdf/koufu/outline_72.pdf
s1_outline_72,1次,ヤマセ電気株式会社,s1_outline_72_sales_01,ヤマセグループ全体,baseline,基準年不記載,,,unresolved_relative_or_missing_context,,,,,282,1,https://seichotoushi-hojo.jp/assets/pdf/koufu/outline_72.pdf
s1_outline_75,1次,株式会社伝食,s1_outline_75_sales_01,会社全体,baseline,2023年9月期決算,2023,2023,existing_normalized_year,2023,9,9,9,119.4,1,https://seichotoushi-hojo.jp/assets/pdf/koufu/outline_75.pdf
s1_outline_75,1次,株式会社伝食,s1_outline_75_sales_01,会社全体,target,2030年まで,2030,2030,existing_normalized_year,2030,,,,200,1,https://seichotoushi-hojo.jp/assets/pdf/koufu/outline_75.pdf
s1_outline_76,1次,安田工業株式会社,s1_outline_76_sales_01,会社全体・2027中間目標,baseline,23/3（直近決算）,,2023,two_digit_year_assume_2000s,2023,3,3,3,168,3,https://seichotoushi-hojo.jp/assets/pdf/koufu/outline_76.pdf
s1_outline_76,1次,安田工業株式会社,s1_outline_76_sales_01,会社全体・2027中間目標,target,27/3（基準年度）,,2027,two_digit_year_assume_2000s,2027,3,3,3,193,3,https://seichotoushi-hojo.jp/assets/pdf/koufu/outline_76.pdf
s1_outline_76,1次,安田工業株式会社,s1_outline_76_sales_02,会社全体・2030完了目標,baseline,27/3（基準年度）,,2027,two_digit_year_assume_2000s,2027,3,3,3,193,3,https://seichotoushi-hojo.jp/assets/pdf/koufu/outline_76.pdf
s1_outline_76,1次,安田工業株式会社,s1_outline_76_sales_02,会社全体・2030完了目標,target,30/3（事業報告完了年度）,,2030,two_digit_year_assume_2000s,2030,3,3,3,243,3,https://seichotoushi-hojo.jp/assets/pdf/koufu/outline_76.pdf
s1_outline_77,1次,千寿製薬株式会社,s1_outline_77_sales_01,連結売上高・2025目標,target,2025年度,2025,2025,existing_normalized_year,2025,,,,500,1,https://seichotoushi-hojo.jp/assets/pdf/koufu/outline_77.pdf
s1_outline_77,1次,千寿製薬株式会社,s1_outline_77_sales_02,単体売上高・2025目標,target,2025年度,2025,2025,existing_normalized_year,2025,,,,432,1,https://seichotoushi-hojo.jp/assets/pdf/koufu/outline_77.pdf
s1_outline_77,1次,千寿製薬株式会社,s1_outline_77_sales_03,国内医療事業売上高・2025目標,target,2025年度,2025,2025,existing_normalized_year,2025,,,,329,1,https://seichotoushi-hojo.jp/assets/pdf/koufu/outline_77.pdf
s1_outline_80,1次,寧薬化学工業株式会社,s1_outline_80_sales_01,会社全体,target,2029年度まで,2029,2029,existing_normalized_year,2029,,,,40,1,https://seichotoushi-hojo.jp/assets/pdf/koufu/outline_80.pdf
s1_outline_80,1次,寧薬化学工業株式会社,s1_outline_80_sales_01,会社全体,baseline,基準年不記載,,,unresolved_relative_or_missing_context,,,,,20,1,https://seichotoushi-hojo.jp/assets/pdf/koufu/outline_80.pdf
s1_outline_84,1次,株式会社マグナ・ワイヤレス,s1_outline_84_sales_01,本事業・会社売上目標,target,2030年10月期,2030,2030,existing_normalized_year,2030,10,10,10,104.7,1,https://seichotoushi-hojo.jp/assets/pdf/koufu/outline_84.pdf
s1_outline_87,1次,トーカロ株式会社,s1_outline_87_sales_01,会社全体,baseline,2023年3月期,2023,2023,existing_normalized_year,2023,3,3,3,402,1,https://seichotoushi-hojo.jp/assets/pdf/koufu/outline_87.pdf
s1_outline_87,1次,トーカロ株式会社,s1_outline_87_sales_01,会社全体,target,2030年3月期,2030,2030,existing_normalized_year,2030,3,3,3,603,1,https://seichotoushi-hojo.jp/assets/pdf/koufu/outline_87.pdf
s1_outline_88,1次,株式会社創味食品,s1_outline_88_sales_01,会社全体・国内外売上,target,2028年,2028,2028,existing_normalized_year,2028,,,,537,1,https://seichotoushi-hojo.jp/assets/pdf/koufu/outline_88.pdf
s1_outline_88,1次,株式会社創味食品,s1_outline_88_sales_01,会社全体・国内外売上,baseline,,,,missing,,,,,357,1,https://seichotoushi-hojo.jp/assets/pdf/koufu/outline_88.pdf
s1_outline_89,1次,京西テクノス株式会社,s1_outline_89_sales_01,会社全体（年度表）,baseline,FY24,,2024,two_digit_fy_assume_2000s,2024,,,,160,1,https://seichotoushi-hojo.jp/assets/pdf/koufu/outline_89.pdf
s1_outline_89,1次,京西テクノス株式会社,s1_outline_89_sales_01,会社全体（年度表）,intermediate,2025,2025,2025,explicit_four_digit_year,2025,,,,165,1,https://seichotoushi-hojo.jp/assets/pdf/koufu/outline_89.pdf
s1_outline_89,1次,京西テクノス株式会社,s1_outline_89_sales_01,会社全体（年度表）,intermediate,2026,2026,2026,explicit_four_digit_year,2026,,,,170,1,https://seichotoushi-hojo.jp/assets/pdf/koufu/outline_89.pdf
s1_outline_89,1次,京西テクノス株式会社,s1_outline_89_sales_01,会社全体（年度表）,intermediate,2027,2027,2027,explicit_four_digit_year,2027,,,,177,1,https://seichotoushi-hojo.jp/assets/pdf/koufu/outline_89.pdf
s1_outline_89,1次,京西テクノス株式会社,s1_outline_89_sales_01,会社全体（年度表）,intermediate,2028,2028,2028,explicit_four_digit_year,2028,,,,184,1,https://seichotoushi-hojo.jp/assets/pdf/koufu/outline_89.pdf
s1_outline_89,1次,京西テクノス株式会社,s1_outline_89_sales_01,会社全体（年度表）,intermediate,2029,2029,2029,explicit_four_digit_year,2029,,,,192,1,https://seichotoushi-hojo.jp/assets/pdf/koufu/outline_89.pdf
s1_outline_89,1次,京西テクノス株式会社,s1_outline_89_sales_01,会社全体（年度表）,target,FY30,,2030,two_digit_fy_assume_2000s,2030,,,,200,1,https://seichotoushi-hojo.jp/assets/pdf/koufu/outline_89.pdf
s1_outline_91,1次,矢田工業株式会社,s1_outline_91_sales_01,会社全体,baseline,基準時点（図は2024年起点）,2024,2024,existing_normalized_year,2024,,,,75,1,https://seichotoushi-hojo.jp/assets/pdf/koufu/outline_91.pdf
s1_outline_91,1次,矢田工業株式会社,s1_outline_91_sales_01,会社全体,target,2028年まで,2028,2028,existing_normalized_year,2028,,,,100,1,https://seichotoushi-hojo.jp/assets/pdf/koufu/outline_91.pdf
s1_outline_91,1次,矢田工業株式会社,s1_outline_91_sales_02,会社全体・2033年長期目標,target,2033年,2033,2033,existing_normalized_year,2033,,,,120,1,https://seichotoushi-hojo.jp/assets/pdf/koufu/outline_91.pdf
s1_outline_93,1次,ウイング株式会社,s1_outline_93_sales_01,会社全体（2030中間目標）,target,2030年まで,2030,2030,existing_normalized_year,2030,,,,200,1,https://seichotoushi-hojo.jp/assets/pdf/koufu/outline_93.pdf
s1_outline_93,1次,ウイング株式会社,s1_outline_93_sales_01,会社全体（2030中間目標）,baseline,,,,missing,,,,,175,1,https://seichotoushi-hojo.jp/assets/pdf/koufu/outline_93.pdf
s1_outline_93,1次,ウイング株式会社,s1_outline_93_sales_02,会社全体（2035長期目標）,target,2035年まで,2035,2035,existing_normalized_year,2035,,,,230,1,https://seichotoushi-hojo.jp/assets/pdf/koufu/outline_93.pdf
s1_outline_93,1次,ウイング株式会社,s1_outline_93_sales_02,会社全体（2035長期目標）,baseline,,,,missing,,,,,177,1,https://seichotoushi-hojo.jp/assets/pdf/koufu/outline_93.pdf
s1_outline_95,1次,ナミックス株式会社,s1_outline_95_sales_01,会社全体,baseline,2024年度,2024,2024,existing_normalized_year,2024,,,,535,1,https://seichotoushi-hojo.jp/assets/pdf/koufu/outline_95.pdf
s1_outline_95,1次,ナミックス株式会社,s1_outline_95_sales_01,会社全体,target,2029年度,2029,2029,existing_normalized_year,2029,,,,755,1,https://seichotoushi-hojo.jp/assets/pdf/koufu/outline_95.pdf
s1_outline_96,1次,大岡技研株式会社,s1_outline_96_sales_01,会社全体,target,2029年,2029,2029,existing_normalized_year,2029,,,,260,1,https://seichotoushi-hojo.jp/assets/pdf/koufu/outline_96.pdf
s1_outline_96,1次,大岡技研株式会社,s1_outline_96_sales_02,EV関連・非自動車事業,target,2029年,2029,2029,existing_normalized_year,2029,,,,80,1,https://seichotoushi-hojo.jp/assets/pdf/koufu/outline_96.pdf
s1_outline_97,1次,フクシマガリレイ株式会社,s1_outline_97_sales_01,ガリレイグループ,target,,,,missing,,,,,2000,4,https://seichotoushi-hojo.jp/assets/pdf/koufu/outline_97.pdf
s1_outline__181,2次,株式会社ホテルニューアワジ,s1_outline__181_sales_01,株式会社ホテルニューアワジ,target,2029年まで,2029,2029,existing_normalized_year,2029,,,,100.7,1,https://seichotoushi-hojo.jp/assets/pdf/koufu/outline__181.pdf
s1_outline__181,2次,株式会社ホテルニューアワジ,s1_outline__181_sales_01,株式会社ホテルニューアワジ,baseline,基準年はPDFに明記なし,,,unresolved_relative_or_missing_context,,,,,67.8,1,https://seichotoushi-hojo.jp/assets/pdf/koufu/outline__181.pdf
s1_outline__181,2次,株式会社ホテルニューアワジ,s1_outline__181_sales_02,株式会社あわじ浜離宮,target,2029年まで,2029,2029,existing_normalized_year,2029,,,,25.3,1,https://seichotoushi-hojo.jp/assets/pdf/koufu/outline__181.pdf
s1_outline__181,2次,株式会社ホテルニューアワジ,s1_outline__181_sales_02,株式会社あわじ浜離宮,baseline,基準年はPDFに明記なし,,,unresolved_relative_or_missing_context,,,,,11.6,1,https://seichotoushi-hojo.jp/assets/pdf/koufu/outline__181.pdf
s1_outline__181,2次,株式会社ホテルニューアワジ,s1_outline__181_sales_03,幹事企業の新設ホテル売上試算,target,稼働時試算,,,unresolved_relative_or_missing_context,,,,,24.6,6,https://seichotoushi-hojo.jp/assets/pdf/koufu/outline__181.pdf
s1_outline__181,2次,株式会社ホテルニューアワジ,s1_outline__181_sales_04,共同申請企業の新設ホテル売上試算,target,稼働時試算,,,unresolved_relative_or_missing_context,,,,,11.7,6,https://seichotoushi-hojo.jp/assets/pdf/koufu/outline__181.pdf
s1_outline__182,2次,埼玉機器株式会社,s1_outline__182_sales_01,会社全体,target,2030年まで,2030,2030,existing_normalized_year,2030,,,,162,1,https://seichotoushi-hojo.jp/assets/pdf/koufu/outline__182.pdf
s1_outline__182,2次,埼玉機器株式会社,s1_outline__182_sales_02,小型トラック等の新規ビジネス,target,2030年まで,2030,2030,existing_normalized_year,2030,,,,29,1,https://seichotoushi-hojo.jp/assets/pdf/koufu/outline__182.pdf
s1_outline__183,2次,スズキハイテック株式会社,s1_outline__183_sales_01,会社全体,baseline,2027年5月期,2027,2027,existing_normalized_year,2027,5,5,5,55.8,1,https://seichotoushi-hojo.jp/assets/pdf/koufu/outline__183.pdf
s1_outline__183,2次,スズキハイテック株式会社,s1_outline__183_sales_01,会社全体,target,2030年5月期まで,2030,2030,existing_normalized_year,2030,5,5,5,96,1,https://seichotoushi-hojo.jp/assets/pdf/koufu/outline__183.pdf
s1_outline__184,2次,泉南乳業株式会社,s1_outline__184_sales_01,会社全体,baseline,2023年度比較（2024年3月期）,2023,2023,existing_normalized_year,2023,3,3,3,113,1,https://seichotoushi-hojo.jp/assets/pdf/koufu/outline__184.pdf
s1_outline__184,2次,泉南乳業株式会社,s1_outline__184_sales_01,会社全体,target,2030年まで,2030,2030,existing_normalized_year,2030,,,,200,1,https://seichotoushi-hojo.jp/assets/pdf/koufu/outline__184.pdf
s1_outline__189,2次,長﨑ジャッキ株式会社,s1_outline__189_sales_01,会社全体,target,2030年まで,2030,2030,existing_normalized_year,2030,,,,29.2,1,https://seichotoushi-hojo.jp/assets/pdf/koufu/outline__189.pdf
s1_outline__189,2次,長﨑ジャッキ株式会社,s1_outline__189_sales_01,会社全体,baseline,基準年は明記なし,,,unresolved_relative_or_missing_context,,,,,12.4,1,https://seichotoushi-hojo.jp/assets/pdf/koufu/outline__189.pdf
s1_outline__190,2次,株式会社GOTENリゾート,s1_outline__190_sales_01,会社全体,baseline,2022年10月期（事務局指示）,2022,2022,existing_normalized_year,2022,10,10,10,7.2,1,https://seichotoushi-hojo.jp/assets/pdf/koufu/outline__190.pdf
s1_outline__190,2次,株式会社GOTENリゾート,s1_outline__190_sales_01,会社全体,target,2029年10月期まで,2029,2029,existing_normalized_year,2029,10,10,10,24.7,1,https://seichotoushi-hojo.jp/assets/pdf/koufu/outline__190.pdf
s1_outline__190,2次,株式会社GOTENリゾート,s1_outline__190_sales_02,旅館（既存）大良温泉蟹御殿,target,2029年10月期まで,2029,2029,existing_normalized_year,2029,10,10,10,6.1,1,https://seichotoushi-hojo.jp/assets/pdf/koufu/outline__190.pdf
s1_outline__190,2次,株式会社GOTENリゾート,s1_outline__190_sales_03,旅館（既存）奥武雄温泉風の森,target,2029年10月期まで,2029,2029,existing_normalized_year,2029,10,10,10,3.6,1,https://seichotoushi-hojo.jp/assets/pdf/koufu/outline__190.pdf
s1_outline__190,2次,株式会社GOTENリゾート,s1_outline__190_sales_04,旅館（新館）奥嬉野温泉無名滝,target,2029年10月期まで,2029,2029,existing_normalized_year,2029,10,10,10,11.5,1,https://seichotoushi-hojo.jp/assets/pdf/koufu/outline__190.pdf
s1_outline__190,2次,株式会社GOTENリゾート,s1_outline__190_sales_05,観光特産品事業,target,2029年10月期まで,2029,2029,existing_normalized_year,2029,10,10,10,3,1,https://seichotoushi-hojo.jp/assets/pdf/koufu/outline__190.pdf
s1_outline__191,2次,株式会社カナイ,s1_outline__191_sales_01,当社単体,baseline,2023年度,2023,2023,existing_normalized_year,2023,,,,300,1,https://seichotoushi-hojo.jp/assets/pdf/koufu/outline__191.pdf
s1_outline__191,2次,株式会社カナイ,s1_outline__191_sales_01,当社単体,target,2029年度まで,2029,2029,existing_normalized_year,2029,,,,400,1,https://seichotoushi-hojo.jp/assets/pdf/koufu/outline__191.pdf
s1_outline__194,2次,ZACROS株式会社,s1_outline__194_sales_01,会社全体・2030目標,baseline,2023年度（実績）,2023,2023,existing_normalized_year,2023,,,,1361,1,https://seichotoushi-hojo.jp/assets/pdf/koufu/outline__194.pdf
s1_outline__194,2次,ZACROS株式会社,s1_outline__194_sales_01,会社全体・2030目標,target,2030年度（目標）,2030,2030,existing_normalized_year,2030,,,,2200,1,https://seichotoushi-hojo.jp/assets/pdf/koufu/outline__194.pdf
s1_outline__194,2次,ZACROS株式会社,s1_outline__194_sales_02,会社全体・2026中間計画,baseline,2023年度（実績）,2023,2023,existing_normalized_year,2023,,,,1361,1,https://seichotoushi-hojo.jp/assets/pdf/koufu/outline__194.pdf
s1_outline__194,2次,ZACROS株式会社,s1_outline__194_sales_02,会社全体・2026中間計画,target,2026年度（計画）,2026,2026,existing_normalized_year,2026,,,,1650,1,https://seichotoushi-hojo.jp/assets/pdf/koufu/outline__194.pdf
s1_outline__195,2次,アシザワ・ファインテック株式会社,s1_outline__195_sales_01,会社全体,baseline,2023年度,2023,2023,existing_normalized_year,2023,,,,28.4,1,https://seichotoushi-hojo.jp/assets/pdf/koufu/outline__195.pdf
s1_outline__195,2次,アシザワ・ファインテック株式会社,s1_outline__195_sales_01,会社全体,target,2029年度まで,2029,2029,existing_normalized_year,2029,,,,60,1,https://seichotoushi-hojo.jp/assets/pdf/koufu/outline__195.pdf
s1_outline__202,2次,アライドコーヒーロースターズ株式会社,s1_outline__202_sales_01,中期,baseline,2024年3月期,,2024,four_digit_year_from_label,2024,,3,3,120,1,https://seichotoushi-hojo.jp/assets/pdf/koufu/outline__202.pdf
s1_outline__202,2次,アライドコーヒーロースターズ株式会社,s1_outline__202_sales_01,中期,target,2030年3月期,,2030,four_digit_year_from_label,2030,,3,3,275,1,https://seichotoushi-hojo.jp/assets/pdf/koufu/outline__202.pdf
s1_outline__202,2次,アライドコーヒーロースターズ株式会社,s1_outline__202_sales_02,長期,baseline,2024年3月期,,2024,four_digit_year_from_label,2024,,3,3,120,1,https://seichotoushi-hojo.jp/assets/pdf/koufu/outline__202.pdf
s1_outline__202,2次,アライドコーヒーロースターズ株式会社,s1_outline__202_sales_02,長期,target,2050年3月期,,2050,four_digit_year_from_label,2050,,3,3,1400,1,https://seichotoushi-hojo.jp/assets/pdf/koufu/outline__202.pdf
s1_outline__204,2次,メック株式会社,s1_outline__204_sales_01,単体,baseline,2025,2025,2025,existing_normalized_year,2025,,,,116,1,https://seichotoushi-hojo.jp/assets/pdf/koufu/outline__204.pdf
s1_outline__207,2次,株式会社ジェイ・イー・ティ,s1_outline__207_sales_01,会社全体,baseline,2023,2023,2023,existing_normalized_year,2023,,,,244,1,https://seichotoushi-hojo.jp/assets/pdf/koufu/outline__207.pdf
s1_outline__207,2次,株式会社ジェイ・イー・ティ,s1_outline__207_sales_01,会社全体,target,2033,2033,2033,existing_normalized_year,2033,,,,500,1,https://seichotoushi-hojo.jp/assets/pdf/koufu/outline__207.pdf
s2_outline_1,3次,株式会社角藤,s2_outline_1_sales_01,会社全体,baseline,2025年1月期（実績）,2025,2025,existing_normalized_year,2025,1,1,1,618.87,1,https://seichotoushi-hojo.jp/assets/pdf/koufu_3_4ji/outline_1.pdf
s2_outline_1,3次,株式会社角藤,s2_outline_1_sales_01,会社全体,target,2031年1月期,2031,2031,existing_normalized_year,2031,1,1,1,1000,1,https://seichotoushi-hojo.jp/assets/pdf/koufu_3_4ji/outline_1.pdf
s2_outline_1,3次,株式会社角藤,s2_outline_1_sales_02,うち補助事業,baseline,2025年1月期（実績）,2025,2025,existing_normalized_year,2025,1,1,1,255.72,1,https://seichotoushi-hojo.jp/assets/pdf/koufu_3_4ji/outline_1.pdf
s2_outline_1,3次,株式会社角藤,s2_outline_1_sales_02,うち補助事業,target,2031年1月期,2031,2031,existing_normalized_year,2031,1,1,1,500,1,https://seichotoushi-hojo.jp/assets/pdf/koufu_3_4ji/outline_1.pdf
s2_outline_103,3次,ベストアメニティ株式会社,s2_outline_103_sales_02,ドッグフード製造販売額,baseline,設備投資前,,,unresolved_relative_or_missing_context,,,,,29.59,2,https://seichotoushi-hojo.jp/assets/pdf/koufu_3_4ji/outline_103.pdf
s2_outline_103,3次,ベストアメニティ株式会社,s2_outline_103_sales_02,ドッグフード製造販売額,target,設備投資後,,,unresolved_relative_or_missing_context,,,,,73,2,https://seichotoushi-hojo.jp/assets/pdf/koufu_3_4ji/outline_103.pdf
s2_outline_103,3次,ベストアメニティ株式会社,s2_outline_103_sales_03,キャットフード製造販売額,baseline,設備投資前,,,unresolved_relative_or_missing_context,,,,,0.26,2,https://seichotoushi-hojo.jp/assets/pdf/koufu_3_4ji/outline_103.pdf
s2_outline_103,3次,ベストアメニティ株式会社,s2_outline_103_sales_03,キャットフード製造販売額,target,設備投資後,,,unresolved_relative_or_missing_context,,,,,37,2,https://seichotoushi-hojo.jp/assets/pdf/koufu_3_4ji/outline_103.pdf
s2_outline_103,3次,ベストアメニティ株式会社,s2_outline_103_sales_04,ペットフード合計販売額,baseline,設備投資前,,,unresolved_relative_or_missing_context,,,,,29.85,2,https://seichotoushi-hojo.jp/assets/pdf/koufu_3_4ji/outline_103.pdf
s2_outline_103,3次,ベストアメニティ株式会社,s2_outline_103_sales_04,ペットフード合計販売額,target,設備投資後,,,unresolved_relative_or_missing_context,,,,,110,2,https://seichotoushi-hojo.jp/assets/pdf/koufu_3_4ji/outline_103.pdf
s2_outline_104,3次,アイサービス株式会社,s2_outline_104_sales_01,会社全体の売上成長目標,baseline,2024年6月（グラフ表記「24/6」）,2024,2024,existing_normalized_year,2024,6,6,6,94,1,https://seichotoushi-hojo.jp/assets/pdf/koufu_3_4ji/outline_104.pdf
s2_outline_104,3次,アイサービス株式会社,s2_outline_104_sales_01,会社全体の売上成長目標,target,2030年度（工場建設3年後）,2030,2030,existing_normalized_year,2030,,,,219,1,https://seichotoushi-hojo.jp/assets/pdf/koufu_3_4ji/outline_104.pdf
s2_outline_105,3次,株式会社シード,s2_outline_105_sales_02,中長期連結売上高目標,target,中長期,,,unresolved_relative_or_missing_context,,,,,500,1,https://seichotoushi-hojo.jp/assets/pdf/koufu_3_4ji/outline_105.pdf
s2_outline_108,3次,株式会社丸杉,s2_outline_108_sales_01,会社全体の売上成長目標,target,2030年,2030,2030,existing_normalized_year,2030,,,,1693,1,https://seichotoushi-hojo.jp/assets/pdf/koufu_3_4ji/outline_108.pdf
s2_outline_108,3次,株式会社丸杉,s2_outline_108_sales_01,会社全体の売上成長目標,baseline,,,,missing,,,,,836,1,https://seichotoushi-hojo.jp/assets/pdf/koufu_3_4ji/outline_108.pdf
s2_outline_11,3次,たまご＆ファーマーズ株式会社,s2_outline_11_sales_01,会社全体,baseline,2025年1月期,2025,2025,existing_normalized_year,2025,1,1,1,442,1,https://seichotoushi-hojo.jp/assets/pdf/koufu_3_4ji/outline_11.pdf
s2_outline_11,3次,たまご＆ファーマーズ株式会社,s2_outline_11_sales_01,会社全体,target,2031年1月期,2031,2031,existing_normalized_year,2031,1,1,1,767,1,https://seichotoushi-hojo.jp/assets/pdf/koufu_3_4ji/outline_11.pdf
s2_outline_116,4次,奥伊吹観光株式会社,s2_outline_116_sales_02,冬期事業売上,baseline,2028年9月期,2028,2028,existing_normalized_year,2028,9,9,9,4.248,3,https://seichotoushi-hojo.jp/assets/pdf/koufu_3_4ji/outline_116.pdf
s2_outline_116,4次,奥伊吹観光株式会社,s2_outline_116_sales_02,冬期事業売上,intermediate,2029年9月期,2029,2029,explicit_four_digit_year,2029,,,,4.5135,3,https://seichotoushi-hojo.jp/assets/pdf/koufu_3_4ji/outline_116.pdf
s2_outline_116,4次,奥伊吹観光株式会社,s2_outline_116_sales_02,冬期事業売上,target,2030年9月期,2030,2030,existing_normalized_year,2030,9,9,9,4.6728,3,https://seichotoushi-hojo.jp/assets/pdf/koufu_3_4ji/outline_116.pdf
s2_outline_116,4次,奥伊吹観光株式会社,s2_outline_116_sales_03,夏期事業売上,baseline,2028年9月期,2028,2028,existing_normalized_year,2028,9,9,9,2.5488,3,https://seichotoushi-hojo.jp/assets/pdf/koufu_3_4ji/outline_116.pdf
s2_outline_116,4次,奥伊吹観光株式会社,s2_outline_116_sales_03,夏期事業売上,intermediate,2029年9月期,2029,2029,explicit_four_digit_year,2029,,,,2.5488,3,https://seichotoushi-hojo.jp/assets/pdf/koufu_3_4ji/outline_116.pdf
s2_outline_116,4次,奥伊吹観光株式会社,s2_outline_116_sales_03,夏期事業売上,target,2030年9月期,2030,2030,existing_normalized_year,2030,9,9,9,2.5488,3,https://seichotoushi-hojo.jp/assets/pdf/koufu_3_4ji/outline_116.pdf
s2_outline_119,4次,株式会社群馬コイケ,s2_outline_119_sales_01,会社全体の売上成長目標,baseline,2024年度,2024,2024,existing_normalized_year,2024,,,,22.26,1,https://seichotoushi-hojo.jp/assets/pdf/koufu_3_4ji/outline_119.pdf
s2_outline_119,4次,株式会社群馬コイケ,s2_outline_119_sales_01,会社全体の売上成長目標,target,2030年度,2030,2030,existing_normalized_year,2030,,,,51.96,1,https://seichotoushi-hojo.jp/assets/pdf/koufu_3_4ji/outline_119.pdf
s2_outline_125,4次,株式会社タンケンシールセーコウ,s2_outline_125_sales_01,会社全体,baseline,2025年3月期,2025,2025,existing_normalized_year,2025,3,3,3,63.79,1,https://seichotoushi-hojo.jp/assets/pdf/koufu_3_4ji/outline_125.pdf
s2_outline_125,4次,株式会社タンケンシールセーコウ,s2_outline_125_sales_01,会社全体,target,2031年3月期,2031,2031,existing_normalized_year,2031,3,3,3,128.22,1,https://seichotoushi-hojo.jp/assets/pdf/koufu_3_4ji/outline_125.pdf
s2_outline_127,4次,株式会社キィポーション,s2_outline_127_sales_01,会社全体,target,2030年6月期,2030,2030,existing_normalized_year,2030,6,6,6,96.03625177,1,https://seichotoushi-hojo.jp/assets/pdf/koufu_3_4ji/outline_127.pdf
s2_outline_13,3次,フジセイコー株式会社,s2_outline_13_sales_01,会社全体,baseline,2023年度,2023,2023,existing_normalized_year,2023,,,,11.8,1,https://seichotoushi-hojo.jp/assets/pdf/koufu_3_4ji/outline_13.pdf
s2_outline_13,3次,フジセイコー株式会社,s2_outline_13_sales_01,会社全体,target,2029年度,2029,2029,existing_normalized_year,2029,,,,35,1,https://seichotoushi-hojo.jp/assets/pdf/koufu_3_4ji/outline_13.pdf
s2_outline_130,4次,株式会社ピカソナチュラルズ,s2_outline_130_sales_01,ピカソナチュラルズ,target,2030年6月期,2030,2030,existing_normalized_year,2030,6,6,6,160,1,https://seichotoushi-hojo.jp/assets/pdf/koufu_3_4ji/outline_130.pdf
s2_outline_130,4次,株式会社ピカソナチュラルズ,s2_outline_130_sales_02,グループ全体,target,2030年6月期,2030,2030,existing_normalized_year,2030,6,6,6,371,1,https://seichotoushi-hojo.jp/assets/pdf/koufu_3_4ji/outline_130.pdf
s2_outline_132,4次,株式会社コハラ,s2_outline_132_sales_01,会社全体,target,2030年度,2030,2030,existing_normalized_year,2030,,,,136.8,1,https://seichotoushi-hojo.jp/assets/pdf/koufu_3_4ji/outline_132.pdf
s2_outline_132,4次,株式会社コハラ,s2_outline_132_sales_02,ロボットSIer事業,target,2030年度,2030,2030,existing_normalized_year,2030,,,,27,1,https://seichotoushi-hojo.jp/assets/pdf/koufu_3_4ji/outline_132.pdf
s2_outline_134,4次,池田薬品工業株式会社,s2_outline_134_sales_01,会社全体,target,2030年9月期,2030,2030,existing_normalized_year,2030,9,9,9,50.70996321,1,https://seichotoushi-hojo.jp/assets/pdf/koufu_3_4ji/outline_134.pdf
s2_outline_135,4次,株式会社リバイト,s2_outline_135_sales_01,合計,baseline,2025年2月期,2025,2025,existing_normalized_year,2025,2,2,2,11.2,1,https://seichotoushi-hojo.jp/assets/pdf/koufu_3_4ji/outline_135.pdf
s2_outline_135,4次,株式会社リバイト,s2_outline_135_sales_01,合計,target,2031年2月期,2031,2031,existing_normalized_year,2031,2,2,2,27.8,1,https://seichotoushi-hojo.jp/assets/pdf/koufu_3_4ji/outline_135.pdf
s2_outline_135,4次,株式会社リバイト,s2_outline_135_sales_02,住宅機器通販事業,baseline,,,,missing,,,,,8,1,https://seichotoushi-hojo.jp/assets/pdf/koufu_3_4ji/outline_135.pdf
s2_outline_135,4次,株式会社リバイト,s2_outline_135_sales_02,住宅機器通販事業,target,,,,missing,,,,,9,1,https://seichotoushi-hojo.jp/assets/pdf/koufu_3_4ji/outline_135.pdf
s2_outline_135,4次,株式会社リバイト,s2_outline_135_sales_03,リゾート事業,baseline,,,,missing,,,,,3.3,1,https://seichotoushi-hojo.jp/assets/pdf/koufu_3_4ji/outline_135.pdf
s2_outline_135,4次,株式会社リバイト,s2_outline_135_sales_03,リゾート事業,target,,,,missing,,,,,18.9,1,https://seichotoushi-hojo.jp/assets/pdf/koufu_3_4ji/outline_135.pdf
s2_outline_137,4次,株式会社　博多屋,s2_outline_137_sales_01,会社全体,target,2029年2月期,2029,2029,existing_normalized_year,2029,2,2,2,13.4,1,https://seichotoushi-hojo.jp/assets/pdf/koufu_3_4ji/outline_137.pdf
s2_outline_139,4次,株式会社エルス,s2_outline_139_sales_01,会社全体,target,2029年度,2029,2029,existing_normalized_year,2029,,,,108.84,1,https://seichotoushi-hojo.jp/assets/pdf/koufu_3_4ji/outline_139.pdf
s2_outline_14,3次,スギムラ化学工業株式会社,s2_outline_14_sales_01,会社全体,target,2031年度,2031,2031,existing_normalized_year,2031,,,,259,1,https://seichotoushi-hojo.jp/assets/pdf/koufu_3_4ji/outline_14.pdf
s2_outline_141,4次,古川電気工業株式会社,s2_outline_141_sales_01,コンソーシアム合計,baseline,2025年3月期,2025,2025,explicit_four_digit_year,2025,,,,77.48,1,https://seichotoushi-hojo.jp/assets/pdf/koufu_3_4ji/outline_141.pdf
s2_outline_141,4次,古川電気工業株式会社,s2_outline_141_sales_01,コンソーシアム合計,target,2032年3月,2032,2032,existing_normalized_year,2032,3,3,3,200,1,https://seichotoushi-hojo.jp/assets/pdf/koufu_3_4ji/outline_141.pdf
s2_outline_141,4次,古川電気工業株式会社,s2_outline_141_sales_02,古川電気工業（申請者）,baseline,2025年3月期,2025,2025,explicit_four_digit_year,2025,,,,65.18,1,https://seichotoushi-hojo.jp/assets/pdf/koufu_3_4ji/outline_141.pdf
s2_outline_141,4次,古川電気工業株式会社,s2_outline_141_sales_02,古川電気工業（申請者）,target,2032年3月期,2032,2032,existing_normalized_year,2032,3,3,3,165,1,https://seichotoushi-hojo.jp/assets/pdf/koufu_3_4ji/outline_141.pdf
s2_outline_141,4次,古川電気工業株式会社,s2_outline_141_sales_03,古川工業,baseline,2025年3月期,2025,2025,explicit_four_digit_year,2025,,,,12.3,1,https://seichotoushi-hojo.jp/assets/pdf/koufu_3_4ji/outline_141.pdf
s2_outline_141,4次,古川電気工業株式会社,s2_outline_141_sales_03,古川工業,target,2032年3月,2032,2032,existing_normalized_year,2032,3,3,3,35,1,https://seichotoushi-hojo.jp/assets/pdf/koufu_3_4ji/outline_141.pdf
s2_outline_145,4次,株式会社シャノワール,s2_outline_145_sales_01,会社全体,baseline,2025年3月期,2025,2025,existing_normalized_year,2025,3,3,3,16.86,1,https://seichotoushi-hojo.jp/assets/pdf/koufu_3_4ji/outline_145.pdf
s2_outline_145,4次,株式会社シャノワール,s2_outline_145_sales_01,会社全体,target,2031年3月期,2031,2031,existing_normalized_year,2031,3,3,3,50.91,1,https://seichotoushi-hojo.jp/assets/pdf/koufu_3_4ji/outline_145.pdf
s2_outline_148,4次,丹羽鋳造株式会社,s2_outline_148_sales_01,会社全体,baseline,基準年度,2025,2025,existing_normalized_year,2025,4,4,4,81,1,https://seichotoushi-hojo.jp/assets/pdf/koufu_3_4ji/outline_148.pdf
s2_outline_148,4次,丹羽鋳造株式会社,s2_outline_148_sales_01,会社全体,target,2030年度4月期,2030,2030,existing_normalized_year,2030,4,4,4,180,1,https://seichotoushi-hojo.jp/assets/pdf/koufu_3_4ji/outline_148.pdf
s2_outline_151,3次,株式会社清水インダストリ－,s2_outline_151_sales_01,会社全体,target,2030年4月期,2030,2030,existing_normalized_year,2030,4,4,4,37,1,https://seichotoushi-hojo.jp/assets/pdf/koufu_3_4ji/outline_151.pdf
s2_outline_151,3次,株式会社清水インダストリ－,s2_outline_151_sales_01,会社全体,baseline,,,,missing,,,,,14,1,https://seichotoushi-hojo.jp/assets/pdf/koufu_3_4ji/outline_151.pdf
s2_outline_154,4次,アルフレッド株式会社,s2_outline_154_sales_01,会社全体（2024→2030）,baseline,2024年,2024,2024,existing_normalized_year,2024,,,,7,3,https://seichotoushi-hojo.jp/assets/pdf/koufu_3_4ji/outline_154.pdf
s2_outline_154,4次,アルフレッド株式会社,s2_outline_154_sales_01,会社全体（2024→2030）,intermediate,2025,2025,2025,explicit_four_digit_year,2025,,,,13,3,https://seichotoushi-hojo.jp/assets/pdf/koufu_3_4ji/outline_154.pdf
s2_outline_154,4次,アルフレッド株式会社,s2_outline_154_sales_01,会社全体（2024→2030）,intermediate,2026,2026,2026,explicit_four_digit_year,2026,,,,25,3,https://seichotoushi-hojo.jp/assets/pdf/koufu_3_4ji/outline_154.pdf
s2_outline_154,4次,アルフレッド株式会社,s2_outline_154_sales_01,会社全体（2024→2030）,intermediate,2027,2027,2027,explicit_four_digit_year,2027,,,,35,3,https://seichotoushi-hojo.jp/assets/pdf/koufu_3_4ji/outline_154.pdf
s2_outline_154,4次,アルフレッド株式会社,s2_outline_154_sales_01,会社全体（2024→2030）,intermediate,2028,2028,2028,explicit_four_digit_year,2028,,,,40,3,https://seichotoushi-hojo.jp/assets/pdf/koufu_3_4ji/outline_154.pdf
s2_outline_154,4次,アルフレッド株式会社,s2_outline_154_sales_01,会社全体（2024→2030）,intermediate,2029,2029,2029,explicit_four_digit_year,2029,,,,45,3,https://seichotoushi-hojo.jp/assets/pdf/koufu_3_4ji/outline_154.pdf
s2_outline_154,4次,アルフレッド株式会社,s2_outline_154_sales_01,会社全体（2024→2030）,target,2030年,2030,2030,existing_normalized_year,2030,,,,50,3,https://seichotoushi-hojo.jp/assets/pdf/koufu_3_4ji/outline_154.pdf
s2_outline_154,4次,アルフレッド株式会社,s2_outline_154_sales_02,補助事業の2028年目標,target,2028年,2028,2028,existing_normalized_year,2028,,,,35,4,https://seichotoushi-hojo.jp/assets/pdf/koufu_3_4ji/outline_154.pdf
s2_outline_156,4次,上野ロジケム株式会社,s2_outline_156_sales_01,会社全体（直近→最終）,baseline,2024年度,2024,2024,existing_normalized_year,2024,,,,75,1,https://seichotoushi-hojo.jp/assets/pdf/koufu_3_4ji/outline_156.pdf
s2_outline_156,4次,上野ロジケム株式会社,s2_outline_156_sales_01,会社全体（直近→最終）,intermediate,2027,2027,2027,explicit_four_digit_year,2027,,,,91,1,https://seichotoushi-hojo.jp/assets/pdf/koufu_3_4ji/outline_156.pdf
s2_outline_156,4次,上野ロジケム株式会社,s2_outline_156_sales_01,会社全体（直近→最終）,target,2030年度,2030,2030,existing_normalized_year,2030,,,,152,1,https://seichotoushi-hojo.jp/assets/pdf/koufu_3_4ji/outline_156.pdf
s2_outline_156,4次,上野ロジケム株式会社,s2_outline_156_sales_02,会社全体（基準→最終）,baseline,2027年（基準）,2027,2027,existing_normalized_year,2027,,,,91,1,https://seichotoushi-hojo.jp/assets/pdf/koufu_3_4ji/outline_156.pdf
s2_outline_156,4次,上野ロジケム株式会社,s2_outline_156_sales_02,会社全体（基準→最終）,target,2030年（最終）,2030,2030,existing_normalized_year,2030,,,,152,1,https://seichotoushi-hojo.jp/assets/pdf/koufu_3_4ji/outline_156.pdf
s2_outline_158,4次,株式会社セントラルフード,s2_outline_158_sales_01,会社全体,target,2030年度（事業化3年目）,2030,2030,existing_normalized_year,2030,,,,108.42,1,https://seichotoushi-hojo.jp/assets/pdf/koufu_3_4ji/outline_158.pdf
s2_outline_160,4次,株式会社ダイドー,s2_outline_160_sales_01,会社全体,target,2029年度,2029,2029,existing_normalized_year,2029,,,,7.04,1,https://seichotoushi-hojo.jp/assets/pdf/koufu_3_4ji/outline_160.pdf
s2_outline_161,4次,株式会社デイリーエッグ,s2_outline_161_sales_01,会社全体,target,2029年度,2029,2029,existing_normalized_year,2029,,,,290,1,https://seichotoushi-hojo.jp/assets/pdf/koufu_3_4ji/outline_161.pdf
s2_outline_163,4次,MHT株式会社,s2_outline_163_sales_01,会社全体,baseline,2024年12月期,2024,2024,existing_normalized_year,2024,12,12,12,75,1,https://seichotoushi-hojo.jp/assets/pdf/koufu_3_4ji/outline_163.pdf
s2_outline_163,4次,MHT株式会社,s2_outline_163_sales_01,会社全体,target,2030年12月期,2030,2030,existing_normalized_year,2030,12,12,12,150,1,https://seichotoushi-hojo.jp/assets/pdf/koufu_3_4ji/outline_163.pdf
s2_outline_166,4次,株式会社新潟食品運輸,s2_outline_166_sales_01,会社全体,target,31.3期,2031,2031,existing_normalized_year,2031,3,3,3,240,1,https://seichotoushi-hojo.jp/assets/pdf/koufu_3_4ji/outline_166.pdf
s2_outline_168,4次,明和工業株式会社,s2_outline_168_sales_01,明和工業,baseline,2025年3月期,2025,2025,explicit_four_digit_year,2025,,,,79.1,1,https://seichotoushi-hojo.jp/assets/pdf/koufu_3_4ji/outline_168.pdf
s2_outline_168,4次,明和工業株式会社,s2_outline_168_sales_01,明和工業,target,2030年目標（見出しは2031年3月期）,2030,2030,explicit_four_digit_year,2030,,,,247.5,1,https://seichotoushi-hojo.jp/assets/pdf/koufu_3_4ji/outline_168.pdf
s2_outline_168,4次,明和工業株式会社,s2_outline_168_sales_02,ヨシカワ機械,baseline,2025年3月期,2025,2025,explicit_four_digit_year,2025,,,,3.8,1,https://seichotoushi-hojo.jp/assets/pdf/koufu_3_4ji/outline_168.pdf
s2_outline_168,4次,明和工業株式会社,s2_outline_168_sales_02,ヨシカワ機械,target,2030年目標（見出しは2031年3月期）,2030,2030,explicit_four_digit_year,2030,,,,39.4,1,https://seichotoushi-hojo.jp/assets/pdf/koufu_3_4ji/outline_168.pdf
s2_outline_17,3次,日生流通運輸倉庫株式会社,s2_outline_17_sales_01,会社全体,baseline,24/5期,,2024,two_digit_year_assume_2000s,2024,5,5,5,85,1,https://seichotoushi-hojo.jp/assets/pdf/koufu_3_4ji/outline_17.pdf
s2_outline_17,3次,日生流通運輸倉庫株式会社,s2_outline_17_sales_01,会社全体,target,31/5期,,2031,two_digit_year_assume_2000s,2031,5,5,5,138,1,https://seichotoushi-hojo.jp/assets/pdf/koufu_3_4ji/outline_17.pdf
s2_outline_173,3次,栄屋乳業株式会社,s2_outline_173_sales_01,会社全体,target,2031年,2031,2031,existing_normalized_year,2031,,,,329,1,https://seichotoushi-hojo.jp/assets/pdf/koufu_3_4ji/outline_173.pdf
s2_outline_173,3次,栄屋乳業株式会社,s2_outline_173_sales_01,会社全体,baseline,直近決算,,,unresolved_relative_or_missing_context,,,,,129,1,https://seichotoushi-hojo.jp/assets/pdf/koufu_3_4ji/outline_173.pdf
s2_outline_174,4次,ナカネ新建材株式会社,s2_outline_174_sales_01,会社全体,target,30年10月期,2030,2030,existing_normalized_year,2030,10,10,10,171,1,https://seichotoushi-hojo.jp/assets/pdf/koufu_3_4ji/outline_174.pdf
s2_outline_175,4次,化成工業株式会社,s2_outline_175_sales_01,会社全体,baseline,2025年3月期,2025,2025,existing_normalized_year,2025,3,3,3,58.6,1,https://seichotoushi-hojo.jp/assets/pdf/koufu_3_4ji/outline_175.pdf
s2_outline_175,4次,化成工業株式会社,s2_outline_175_sales_01,会社全体,target,2031年3月期,2031,2031,existing_normalized_year,2031,3,3,3,114.7,1,https://seichotoushi-hojo.jp/assets/pdf/koufu_3_4ji/outline_175.pdf
s2_outline_182,4次,株式会社北十,s2_outline_182_sales_01,会社全体,target,30年,2030,2030,existing_normalized_year,2030,,,,42,1,https://seichotoushi-hojo.jp/assets/pdf/koufu_3_4ji/outline_182.pdf
s2_outline_184,4次,日電精密工業株式会社,s2_outline_184_sales_01,会社全体,baseline,24.9期,,2024,two_digit_year_assume_2000s,2024,,9,9,70.87,1,https://seichotoushi-hojo.jp/assets/pdf/koufu_3_4ji/outline_184.pdf
s2_outline_184,4次,日電精密工業株式会社,s2_outline_184_sales_01,会社全体,target,30.9期,,2030,two_digit_year_assume_2000s,2030,,9,9,131.08,1,https://seichotoushi-hojo.jp/assets/pdf/koufu_3_4ji/outline_184.pdf
s2_outline_187,4次,石坂産業株式会社,s2_outline_187_sales_01,会社全体,target,2030年度,2030,2030,existing_normalized_year,2030,,,,152.52,1,https://seichotoushi-hojo.jp/assets/pdf/koufu_3_4ji/outline_187.pdf
s2_outline_187,4次,石坂産業株式会社,s2_outline_187_sales_01,会社全体,baseline,直近決算,,,unresolved_relative_or_missing_context,,,,,67.16,1,https://seichotoushi-hojo.jp/assets/pdf/koufu_3_4ji/outline_187.pdf
s2_outline_189,4次,吉田海運ロジソリューションズ株式会社,s2_outline_189_sales_01,会社全体,baseline,2026年度,2026,2026,existing_normalized_year,2026,,,,64,1,https://seichotoushi-hojo.jp/assets/pdf/koufu_3_4ji/outline_189.pdf
s2_outline_189,4次,吉田海運ロジソリューションズ株式会社,s2_outline_189_sales_01,会社全体,target,2030年度,2030,2030,existing_normalized_year,2030,,,,157,1,https://seichotoushi-hojo.jp/assets/pdf/koufu_3_4ji/outline_189.pdf
s2_outline_199,4次,日本毛織株式会社,s2_outline_199_sales_01,グループ全体,baseline,2024年11月期,2024,2024,existing_normalized_year,2024,11,11,11,1154,1,https://seichotoushi-hojo.jp/assets/pdf/koufu_3_4ji/outline_199.pdf
s2_outline_199,4次,日本毛織株式会社,s2_outline_199_sales_01,グループ全体,target,2036年度,2036,2036,existing_normalized_year,2036,,,,2000,1,https://seichotoushi-hojo.jp/assets/pdf/koufu_3_4ji/outline_199.pdf
s2_outline_201,4次,ハムリー株式会社,s2_outline_201_sales_02,事業別合計表,baseline,2023年,2023,2023,existing_normalized_year,2023,,,,43.02,2,https://seichotoushi-hojo.jp/assets/pdf/koufu_3_4ji/outline_201.pdf
s2_outline_201,4次,ハムリー株式会社,s2_outline_201_sales_02,事業別合計表,target,2030年,2030,2030,existing_normalized_year,2030,,,,86.06,2,https://seichotoushi-hojo.jp/assets/pdf/koufu_3_4ji/outline_201.pdf
s2_outline_204,4次,新日本電工株式会社,s2_outline_204_sales_01,会社全体,baseline,2024年,2024,2024,existing_normalized_year,2024,,,,724,1,https://seichotoushi-hojo.jp/assets/pdf/koufu_3_4ji/outline_204.pdf
s2_outline_204,4次,新日本電工株式会社,s2_outline_204_sales_01,会社全体,target,2030年,2030,2030,existing_normalized_year,2030,,,,1100,1,https://seichotoushi-hojo.jp/assets/pdf/koufu_3_4ji/outline_204.pdf
s2_outline_205,3次,八戸酒造株式会社,s2_outline_205_sales_01,会社全体,target,2030年度,2030,2030,existing_normalized_year,2030,,,,16.4,1,https://seichotoushi-hojo.jp/assets/pdf/koufu_3_4ji/outline_205.pdf
s2_outline_205,3次,八戸酒造株式会社,s2_outline_205_sales_01,会社全体,baseline,,,,missing,,,,,9.3,1,https://seichotoushi-hojo.jp/assets/pdf/koufu_3_4ji/outline_205.pdf
s2_outline_209,3次,株式会社ファーストダウン,s2_outline_209_sales_01,会社全体,baseline,24/8期,2024,2024,existing_normalized_year,2024,,,,56.2,1,https://seichotoushi-hojo.jp/assets/pdf/koufu_3_4ji/outline_209.pdf
s2_outline_209,3次,株式会社ファーストダウン,s2_outline_209_sales_01,会社全体,target,31/8期,2031,2031,existing_normalized_year,2031,8,8,8,150,1,https://seichotoushi-hojo.jp/assets/pdf/koufu_3_4ji/outline_209.pdf
s2_outline_212,3次,キングパーツ株式会社,s2_outline_212_sales_01,会社全体（長期）,baseline,2023年度,2023,2023,existing_normalized_year,2023,,,,44,1,https://seichotoushi-hojo.jp/assets/pdf/koufu_3_4ji/outline_212.pdf
s2_outline_212,3次,キングパーツ株式会社,s2_outline_212_sales_01,会社全体（長期）,target,2030年度,2030,2030,existing_normalized_year,2030,,,,97,1,https://seichotoushi-hojo.jp/assets/pdf/koufu_3_4ji/outline_212.pdf
s2_outline_212,3次,キングパーツ株式会社,s2_outline_212_sales_02,会社全体（中期）,baseline,2027年度,2027,2027,existing_normalized_year,2027,,,,50,1,https://seichotoushi-hojo.jp/assets/pdf/koufu_3_4ji/outline_212.pdf
s2_outline_212,3次,キングパーツ株式会社,s2_outline_212_sales_02,会社全体（中期）,target,2030年度,2030,2030,existing_normalized_year,2030,,,,97,1,https://seichotoushi-hojo.jp/assets/pdf/koufu_3_4ji/outline_212.pdf
s2_outline_214,3次,株式会社 八天堂,s2_outline_214_sales_01,会社全体,baseline,2023年度,2023,2023,existing_normalized_year,2023,,,,46,1,https://seichotoushi-hojo.jp/assets/pdf/koufu_3_4ji/outline_214.pdf
s2_outline_214,3次,株式会社 八天堂,s2_outline_214_sales_01,会社全体,target,2030年度,2030,2030,existing_normalized_year,2030,,,,125,1,https://seichotoushi-hojo.jp/assets/pdf/koufu_3_4ji/outline_214.pdf
s2_outline_218,4次,株式会社エム・ケー・ケー,s2_outline_218_sales_01,会社全体,baseline,2025/5月期,2025,2025,existing_normalized_year,2025,5,5,5,16.61,1,https://seichotoushi-hojo.jp/assets/pdf/koufu_3_4ji/outline_218.pdf
s2_outline_218,4次,株式会社エム・ケー・ケー,s2_outline_218_sales_01,会社全体,target,2031/5月期,2031,2031,existing_normalized_year,2031,5,5,5,39.86,1,https://seichotoushi-hojo.jp/assets/pdf/koufu_3_4ji/outline_218.pdf
s2_outline_22,3次,味覚糖株式会社,s2_outline_22_sales_01,味覚糖株式会社（申請者）,target,2030年,2030,2030,existing_normalized_year,2030,,,,620,1,https://seichotoushi-hojo.jp/assets/pdf/koufu_3_4ji/outline_22.pdf
s2_outline_22,3次,味覚糖株式会社,s2_outline_22_sales_01,味覚糖株式会社（申請者）,baseline,直近期,,,unresolved_relative_or_missing_context,,,,,314.2,1,https://seichotoushi-hojo.jp/assets/pdf/koufu_3_4ji/outline_22.pdf
s2_outline_22,3次,味覚糖株式会社,s2_outline_22_sales_02,UHA味覚糖グループ,target,2030年,2030,2030,existing_normalized_year,2030,,,,1000,1,https://seichotoushi-hojo.jp/assets/pdf/koufu_3_4ji/outline_22.pdf
s2_outline_221,4次,株式会社ニシムタ,s2_outline_221_sales_01,会社全体,baseline,基準年度,,,unresolved_relative_or_missing_context,,,,,863.3,1,https://seichotoushi-hojo.jp/assets/pdf/koufu_3_4ji/outline_221.pdf
s2_outline_221,4次,株式会社ニシムタ,s2_outline_221_sales_01,会社全体,target,事業化報告3年目,,,unresolved_relative_or_missing_context,,,,,1010,1,https://seichotoushi-hojo.jp/assets/pdf/koufu_3_4ji/outline_221.pdf
s2_outline_223,4次,三ッ和商事株式会社,s2_outline_223_sales_01,会社全体,target,2030年度,2030,2030,existing_normalized_year,2030,,,,65.26,1,https://seichotoushi-hojo.jp/assets/pdf/koufu_3_4ji/outline_223.pdf
s2_outline_223,4次,三ッ和商事株式会社,s2_outline_223_sales_01,会社全体,baseline,最新決算期,,,unresolved_relative_or_missing_context,,,,,24.27,1,https://seichotoushi-hojo.jp/assets/pdf/koufu_3_4ji/outline_223.pdf
s2_outline_227,4次,株式会社トノックス,s2_outline_227_sales_01,会社全体,target,2035年,2035,2035,existing_normalized_year,2035,,,,200,1,https://seichotoushi-hojo.jp/assets/pdf/koufu_3_4ji/outline_227.pdf
s2_outline_228,4次,株式会社ベネフル,s2_outline_228_sales_01,会社全体,target,2031年5月期,2031,2031,existing_normalized_year,2031,5,5,5,50,1,https://seichotoushi-hojo.jp/assets/pdf/koufu_3_4ji/outline_228.pdf
s2_outline_231,4次,創建ホーム株式会社,s2_outline_231_sales_01,会社全体,target,2030年度,2030,2030,existing_normalized_year,2030,,,,201,1,https://seichotoushi-hojo.jp/assets/pdf/koufu_3_4ji/outline_231.pdf
s2_outline_24,3次,高知食糧株式会社,s2_outline_24_sales_01,会社全体,target,2035年,2035,2035,existing_normalized_year,2035,,,,200,1,https://seichotoushi-hojo.jp/assets/pdf/koufu_3_4ji/outline_24.pdf
s2_outline_26,3次,株式会社ティーケーシン,s2_outline_26_sales_01,会社全体,target,2030年4月度,2030,2030,existing_normalized_year,2030,4,4,4,112,1,https://seichotoushi-hojo.jp/assets/pdf/koufu_3_4ji/outline_26.pdf
s2_outline_27,3次,株式会社ライト製作所,s2_outline_27_sales_01,会社全体,baseline,2023年度（2024年6月期決算）,2023,2023,existing_normalized_year,2023,6,6,6,76,1,https://seichotoushi-hojo.jp/assets/pdf/koufu_3_4ji/outline_27.pdf
s2_outline_27,3次,株式会社ライト製作所,s2_outline_27_sales_01,会社全体,target,2029年度,2029,2029,existing_normalized_year,2029,,,,160,1,https://seichotoushi-hojo.jp/assets/pdf/koufu_3_4ji/outline_27.pdf
s2_outline_27,3次,株式会社ライト製作所,s2_outline_27_sales_02,会社全体・中間目標,baseline,2023年度（2024年6月期決算）,2023,2023,existing_normalized_year,2023,6,6,6,76,1,https://seichotoushi-hojo.jp/assets/pdf/koufu_3_4ji/outline_27.pdf
s2_outline_27,3次,株式会社ライト製作所,s2_outline_27_sales_02,会社全体・中間目標,target,2026年度,2026,2026,existing_normalized_year,2026,,,,95,1,https://seichotoushi-hojo.jp/assets/pdf/koufu_3_4ji/outline_27.pdf
s2_outline_27,3次,株式会社ライト製作所,s2_outline_27_sales_03,半導体製造装置事業,target,2027年,2027,2027,existing_normalized_year,2027,,,,100,1,https://seichotoushi-hojo.jp/assets/pdf/koufu_3_4ji/outline_27.pdf
s2_outline_31,3次,アトム株式会社,s2_outline_31_sales_01,会社全体,target,2030年9月期,2030,2030,existing_normalized_year,2030,9,9,9,320,1,https://seichotoushi-hojo.jp/assets/pdf/koufu_3_4ji/outline_31.pdf
s2_outline_34,3次,フタバ食品株式会社,s2_outline_34_sales_01,会社全体,baseline,2024年8月期,2024,2024,existing_normalized_year,2024,8,8,8,231.1,1,https://seichotoushi-hojo.jp/assets/pdf/koufu_3_4ji/outline_34.pdf
s2_outline_34,3次,フタバ食品株式会社,s2_outline_34_sales_01,会社全体,target,2030年8月期,2030,2030,existing_normalized_year,2030,8,8,8,350,1,https://seichotoushi-hojo.jp/assets/pdf/koufu_3_4ji/outline_34.pdf
s2_outline_37,3次,ノーラエンジニアリング株式会社,s2_outline_37_sales_01,コンソーシアム全体,target,2030年7月期,2030,2030,existing_normalized_year,2030,7,7,7,100,1,https://seichotoushi-hojo.jp/assets/pdf/koufu_3_4ji/outline_37.pdf
s2_outline_39,3次,名古屋東部陸運株式会社,s2_outline_39_sales_01,会社全体,target,2031年度,2031,2031,existing_normalized_year,2031,,,,453,1,https://seichotoushi-hojo.jp/assets/pdf/koufu_3_4ji/outline_39.pdf
s2_outline_43,3次,近江鍛工株式会社,s2_outline_43_sales_01,会社全体,baseline,2024年,2024,2024,existing_normalized_year,2024,,,,156,4,https://seichotoushi-hojo.jp/assets/pdf/koufu_3_4ji/outline_43.pdf
s2_outline_43,3次,近江鍛工株式会社,s2_outline_43_sales_01,会社全体,target,2030年,2030,2030,existing_normalized_year,2030,,,,300,4,https://seichotoushi-hojo.jp/assets/pdf/koufu_3_4ji/outline_43.pdf
s2_outline_45,3次,株式会社田中食品興業所,s2_outline_45_sales_01,会社全体,baseline,2024年7月期,2024,2024,existing_normalized_year,2024,7,7,7,126.52,1,https://seichotoushi-hojo.jp/assets/pdf/koufu_3_4ji/outline_45.pdf
s2_outline_45,3次,株式会社田中食品興業所,s2_outline_45_sales_01,会社全体,target,2031年7月期,2031,2031,existing_normalized_year,2031,7,7,7,189.52,1,https://seichotoushi-hojo.jp/assets/pdf/koufu_3_4ji/outline_45.pdf
s2_outline_46,3次,カンケンテクノ株式会社,s2_outline_46_sales_01,グループ全体,baseline,2024年,2024,2024,existing_normalized_year,2024,,,,267,1,https://seichotoushi-hojo.jp/assets/pdf/koufu_3_4ji/outline_46.pdf
s2_outline_46,3次,カンケンテクノ株式会社,s2_outline_46_sales_01,グループ全体,target,2030年,2030,2030,existing_normalized_year,2030,,,,585,1,https://seichotoushi-hojo.jp/assets/pdf/koufu_3_4ji/outline_46.pdf
s2_outline_47,3次,INTLOOP株式会社,s2_outline_47_sales_01,会社全体（連結）,baseline,FY24実績,,2024,two_digit_fy_assume_2000s,2024,,,,271,1,https://seichotoushi-hojo.jp/assets/pdf/koufu_3_4ji/outline_47.pdf
s2_outline_47,3次,INTLOOP株式会社,s2_outline_47_sales_01,会社全体（連結）,target,FY30,,2030,two_digit_fy_assume_2000s,2030,,,,1000,1,https://seichotoushi-hojo.jp/assets/pdf/koufu_3_4ji/outline_47.pdf
s2_outline_5,3次,奥長良川名水株式会社,s2_outline_5_sales_01,会社全体,baseline,2024年度,2024,2024,existing_normalized_year,2024,,,,7.98,1,https://seichotoushi-hojo.jp/assets/pdf/koufu_3_4ji/outline_5.pdf
s2_outline_5,3次,奥長良川名水株式会社,s2_outline_5_sales_01,会社全体,target,2029年度,2029,2029,existing_normalized_year,2029,,,,28.61,1,https://seichotoushi-hojo.jp/assets/pdf/koufu_3_4ji/outline_5.pdf
s2_outline_5,3次,奥長良川名水株式会社,s2_outline_5_sales_02,OEM保存水,baseline,2024年度,2024,2024,existing_normalized_year,2024,,,,7.23,1,https://seichotoushi-hojo.jp/assets/pdf/koufu_3_4ji/outline_5.pdf
s2_outline_5,3次,奥長良川名水株式会社,s2_outline_5_sales_02,OEM保存水,target,2029年度,2029,2029,existing_normalized_year,2029,,,,27.77,1,https://seichotoushi-hojo.jp/assets/pdf/koufu_3_4ji/outline_5.pdf
s2_outline_5,3次,奥長良川名水株式会社,s2_outline_5_sales_03,機能水製造,baseline,2024年度,2024,2024,existing_normalized_year,2024,,,,0.75,1,https://seichotoushi-hojo.jp/assets/pdf/koufu_3_4ji/outline_5.pdf
s2_outline_5,3次,奥長良川名水株式会社,s2_outline_5_sales_03,機能水製造,target,2029年度,2029,2029,existing_normalized_year,2029,,,,0.84,1,https://seichotoushi-hojo.jp/assets/pdf/koufu_3_4ji/outline_5.pdf
s2_outline_51,3次,有楽製菓株式会社,s2_outline_51_sales_01,会社全体,target,2030年7月期,2030,2030,existing_normalized_year,2030,7,7,7,340,2,https://seichotoushi-hojo.jp/assets/pdf/koufu_3_4ji/outline_51.pdf
s2_outline_52,3次,株式会社GYXUS,s2_outline_52_sales_01,GYXUS,baseline,直近決算期,,,unresolved_relative_or_missing_context,,,,,0.43,1,https://seichotoushi-hojo.jp/assets/pdf/koufu_3_4ji/outline_52.pdf
s2_outline_52,3次,株式会社GYXUS,s2_outline_52_sales_01,GYXUS,target,基準年度+3年後,,,relative_year_requires_anchor,,,,,46.77,1,https://seichotoushi-hojo.jp/assets/pdf/koufu_3_4ji/outline_52.pdf
s2_outline_52,3次,株式会社GYXUS,s2_outline_52_sales_02,KOSEI GYXUS,baseline,直近決算期,,,unresolved_relative_or_missing_context,,,,,0,1,https://seichotoushi-hojo.jp/assets/pdf/koufu_3_4ji/outline_52.pdf
s2_outline_52,3次,株式会社GYXUS,s2_outline_52_sales_02,KOSEI GYXUS,target,基準年度+3年後,,,relative_year_requires_anchor,,,,,3.37,1,https://seichotoushi-hojo.jp/assets/pdf/koufu_3_4ji/outline_52.pdf
s2_outline_52,3次,株式会社GYXUS,s2_outline_52_sales_03,光州産業,baseline,直近決算期,,,unresolved_relative_or_missing_context,,,,,80.97,1,https://seichotoushi-hojo.jp/assets/pdf/koufu_3_4ji/outline_52.pdf
s2_outline_52,3次,株式会社GYXUS,s2_outline_52_sales_03,光州産業,target,基準年度+3年後,,,relative_year_requires_anchor,,,,,97.32,1,https://seichotoushi-hojo.jp/assets/pdf/koufu_3_4ji/outline_52.pdf
s2_outline_52,3次,株式会社GYXUS,s2_outline_52_sales_04,GYXUS関東,baseline,直近決算期,,,unresolved_relative_or_missing_context,,,,,0,1,https://seichotoushi-hojo.jp/assets/pdf/koufu_3_4ji/outline_52.pdf
s2_outline_52,3次,株式会社GYXUS,s2_outline_52_sales_04,GYXUS関東,target,基準年度+3年後,,,relative_year_requires_anchor,,,,,2.75,1,https://seichotoushi-hojo.jp/assets/pdf/koufu_3_4ji/outline_52.pdf
s2_outline_52,3次,株式会社GYXUS,s2_outline_52_sales_05,グラデュオ,baseline,直近決算期,,,unresolved_relative_or_missing_context,,,,,1.51,1,https://seichotoushi-hojo.jp/assets/pdf/koufu_3_4ji/outline_52.pdf
s2_outline_52,3次,株式会社GYXUS,s2_outline_52_sales_05,グラデュオ,target,基準年度+3年後,,,relative_year_requires_anchor,,,,,5.95,1,https://seichotoushi-hojo.jp/assets/pdf/koufu_3_4ji/outline_52.pdf
s2_outline_52,3次,株式会社GYXUS,s2_outline_52_sales_06,沖潮開発,baseline,直近決算期,,,unresolved_relative_or_missing_context,,,,,20.51,1,https://seichotoushi-hojo.jp/assets/pdf/koufu_3_4ji/outline_52.pdf
s2_outline_52,3次,株式会社GYXUS,s2_outline_52_sales_06,沖潮開発,target,基準年度+3年後,,,relative_year_requires_anchor,,,,,27.33,1,https://seichotoushi-hojo.jp/assets/pdf/koufu_3_4ji/outline_52.pdf
s2_outline_52,3次,株式会社GYXUS,s2_outline_52_sales_07,コンソーシアム合計,baseline,直近決算期,,,unresolved_relative_or_missing_context,,,,,103.42,1,https://seichotoushi-hojo.jp/assets/pdf/koufu_3_4ji/outline_52.pdf
s2_outline_52,3次,株式会社GYXUS,s2_outline_52_sales_07,コンソーシアム合計,target,基準年度+3年後,,,relative_year_requires_anchor,,,,,183.49,1,https://seichotoushi-hojo.jp/assets/pdf/koufu_3_4ji/outline_52.pdf
s2_outline_58,3次,巴工業株式会社,s2_outline_58_sales_01,巴工業株式会社,baseline,2024年10月期,2024,2024,existing_normalized_year,2024,10,10,10,473.15,1,https://seichotoushi-hojo.jp/assets/pdf/koufu_3_4ji/outline_58.pdf
s2_outline_58,3次,巴工業株式会社,s2_outline_58_sales_01,巴工業株式会社,target,2030年10月期,2030,2030,existing_normalized_year,2030,10,10,10,730,1,https://seichotoushi-hojo.jp/assets/pdf/koufu_3_4ji/outline_58.pdf
s2_outline_58,3次,巴工業株式会社,s2_outline_58_sales_02,巴工業・うち機械事業,baseline,2024年10月期,2024,2024,existing_normalized_year,2024,10,10,10,115.41,1,https://seichotoushi-hojo.jp/assets/pdf/koufu_3_4ji/outline_58.pdf
s2_outline_58,3次,巴工業株式会社,s2_outline_58_sales_02,巴工業・うち機械事業,target,2030年10月期,2030,2030,existing_normalized_year,2030,10,10,10,230,1,https://seichotoushi-hojo.jp/assets/pdf/koufu_3_4ji/outline_58.pdf
s2_outline_58,3次,巴工業株式会社,s2_outline_58_sales_03,巴マシナリー株式会社,baseline,2024年10月期,2024,2024,existing_normalized_year,2024,10,10,10,5.65,1,https://seichotoushi-hojo.jp/assets/pdf/koufu_3_4ji/outline_58.pdf
s2_outline_58,3次,巴工業株式会社,s2_outline_58_sales_03,巴マシナリー株式会社,target,2030年10月期,2030,2030,existing_normalized_year,2030,10,10,10,10,1,https://seichotoushi-hojo.jp/assets/pdf/koufu_3_4ji/outline_58.pdf
s2_outline_58,3次,巴工業株式会社,s2_outline_58_sales_04,コンソーシアム全体,baseline,2024年10月期,2024,2024,existing_normalized_year,2024,10,10,10,478.8,1,https://seichotoushi-hojo.jp/assets/pdf/koufu_3_4ji/outline_58.pdf
s2_outline_58,3次,巴工業株式会社,s2_outline_58_sales_04,コンソーシアム全体,target,2030年10月期,2030,2030,existing_normalized_year,2030,10,10,10,740,1,https://seichotoushi-hojo.jp/assets/pdf/koufu_3_4ji/outline_58.pdf
s2_outline_63,3次,エックスサーバー株式会社,s2_outline_63_sales_01,エックスサーバー単体,baseline,2024年3月期,2024,2024,existing_normalized_year,2024,3,3,3,77,1,https://seichotoushi-hojo.jp/assets/pdf/koufu_3_4ji/outline_63.pdf
s2_outline_63,3次,エックスサーバー株式会社,s2_outline_63_sales_01,エックスサーバー単体,target,2030年3月期,2030,2030,existing_normalized_year,2030,3,3,3,300,1,https://seichotoushi-hojo.jp/assets/pdf/koufu_3_4ji/outline_63.pdf
s2_outline_65,3次,ハビックス株式会社,s2_outline_65_sales_01,会社全体,target,2030年度,2030,2030,existing_normalized_year,2030,,,,236,1,https://seichotoushi-hojo.jp/assets/pdf/koufu_3_4ji/outline_65.pdf
s2_outline_66,3次,トクセン工業株式会社,s2_outline_66_sales_01,会社全体,baseline,2023年度,2023,2023,existing_normalized_year,2023,,,,250,1,https://seichotoushi-hojo.jp/assets/pdf/koufu_3_4ji/outline_66.pdf
s2_outline_66,3次,トクセン工業株式会社,s2_outline_66_sales_01,会社全体,target,2030年度,2030,2030,existing_normalized_year,2030,,,,371,1,https://seichotoushi-hojo.jp/assets/pdf/koufu_3_4ji/outline_66.pdf
s2_outline_68,3次,三友プラントサービス株式会社,s2_outline_68_sales_01,会社全体,baseline,2024年12月期,2024,2024,existing_normalized_year,2024,12,12,12,82,1,https://seichotoushi-hojo.jp/assets/pdf/koufu_3_4ji/outline_68.pdf
s2_outline_68,3次,三友プラントサービス株式会社,s2_outline_68_sales_01,会社全体,target,2030年12月期,2030,2030,existing_normalized_year,2030,12,12,12,139,1,https://seichotoushi-hojo.jp/assets/pdf/koufu_3_4ji/outline_68.pdf
s2_outline_69,3次,松村フーズ株式会社,s2_outline_69_sales_01,会社全体,baseline,基準年度,,,unresolved_relative_or_missing_context,,,,,298.5,1,https://seichotoushi-hojo.jp/assets/pdf/koufu_3_4ji/outline_69.pdf
s2_outline_69,3次,松村フーズ株式会社,s2_outline_69_sales_01,会社全体,target,事業化報告3年目,,,unresolved_relative_or_missing_context,,,,,474.9,1,https://seichotoushi-hojo.jp/assets/pdf/koufu_3_4ji/outline_69.pdf
s2_outline_74,3次,株式会社山福,s2_outline_74_sales_01,コンソーシアム合算,target,2031年5月期,2031,2031,existing_normalized_year,2031,5,5,5,503,2,https://seichotoushi-hojo.jp/assets/pdf/koufu_3_4ji/outline_74.pdf
s2_outline_74,3次,株式会社山福,s2_outline_74_sales_02,山福単体,target,2031年5月期,2031,2031,existing_normalized_year,2031,5,5,5,503,2,https://seichotoushi-hojo.jp/assets/pdf/koufu_3_4ji/outline_74.pdf
s2_outline_77,3次,株式会社やまみ,s2_outline_77_sales_01,会社全体,baseline,2024年6月期,2024,2024,existing_normalized_year,2024,6,6,6,203,1,https://seichotoushi-hojo.jp/assets/pdf/koufu_3_4ji/outline_77.pdf
s2_outline_77,3次,株式会社やまみ,s2_outline_77_sales_01,会社全体,target,2030年6月期,2030,2030,existing_normalized_year,2030,6,6,6,475.3,1,https://seichotoushi-hojo.jp/assets/pdf/koufu_3_4ji/outline_77.pdf
s2_outline_80,3次,株式会社レイズ,s2_outline_80_sales_02,グループ連結,target,2034年度,2034,2034,existing_normalized_year,2034,,,,500,1,https://seichotoushi-hojo.jp/assets/pdf/koufu_3_4ji/outline_80.pdf
s2_outline_81,3次,東亜薬品株式会社,s2_outline_81_sales_01,会社全体・2030年目標,baseline,2023年（最新決算）,2023,2023,existing_normalized_year,2023,,,,215,1,https://seichotoushi-hojo.jp/assets/pdf/koufu_3_4ji/outline_81.pdf
s2_outline_81,3次,東亜薬品株式会社,s2_outline_81_sales_01,会社全体・2030年目標,target,2030年,2030,2030,existing_normalized_year,2030,,,,335,1,https://seichotoushi-hojo.jp/assets/pdf/koufu_3_4ji/outline_81.pdf
s2_outline_81,3次,東亜薬品株式会社,s2_outline_81_sales_02,会社全体・2036年長期目標,baseline,2023年（最新決算）,2023,2023,existing_normalized_year,2023,,,,215,1,https://seichotoushi-hojo.jp/assets/pdf/koufu_3_4ji/outline_81.pdf
s2_outline_81,3次,東亜薬品株式会社,s2_outline_81_sales_02,会社全体・2036年長期目標,target,2036年,2036,2036,existing_normalized_year,2036,,,,440,1,https://seichotoushi-hojo.jp/assets/pdf/koufu_3_4ji/outline_81.pdf
s2_outline_82,3次,ハマダレクテック株式会社,s2_outline_82_sales_01,会社全体,baseline,2024年7月期,2024,2024,existing_normalized_year,2024,7,7,7,119,1,https://seichotoushi-hojo.jp/assets/pdf/koufu_3_4ji/outline_82.pdf
s2_outline_82,3次,ハマダレクテック株式会社,s2_outline_82_sales_01,会社全体,target,2031年7月期,2031,2031,existing_normalized_year,2031,7,7,7,266,1,https://seichotoushi-hojo.jp/assets/pdf/koufu_3_4ji/outline_82.pdf
s2_outline_84,3次,株式会社ジョヴィ,s2_outline_84_sales_01,既存事業シナリオ,baseline,24年3月期,,2024,two_digit_year_assume_2000s,2024,3,3,3,882,1,https://seichotoushi-hojo.jp/assets/pdf/koufu_3_4ji/outline_84.pdf
s2_outline_84,3次,株式会社ジョヴィ,s2_outline_84_sales_01,既存事業シナリオ,target,31年3月期,,2031,two_digit_year_assume_2000s,2031,3,3,3,2441,1,https://seichotoushi-hojo.jp/assets/pdf/koufu_3_4ji/outline_84.pdf
s2_outline_84,3次,株式会社ジョヴィ,s2_outline_84_sales_02,補助事業込みシナリオ,target,31年3月期,,2031,two_digit_year_assume_2000s,2031,3,3,3,4790,1,https://seichotoushi-hojo.jp/assets/pdf/koufu_3_4ji/outline_84.pdf
s2_outline_87,3次,長野牛乳株式会社,s2_outline_87_sales_02,会社全体・2033年長期目標,target,2033年度,2033,2033,existing_normalized_year,2033,,,,200,1,https://seichotoushi-hojo.jp/assets/pdf/koufu_3_4ji/outline_87.pdf
s2_outline_88,3次,モルツウェル株式会社,s2_outline_88_sales_01,会社全体,baseline,2024年8月期,2024,2024,existing_normalized_year,2024,8,8,8,17.9,1,https://seichotoushi-hojo.jp/assets/pdf/koufu_3_4ji/outline_88.pdf
s2_outline_88,3次,モルツウェル株式会社,s2_outline_88_sales_01,会社全体,target,2032年8月期,2032,2032,existing_normalized_year,2032,8,8,8,100,1,https://seichotoushi-hojo.jp/assets/pdf/koufu_3_4ji/outline_88.pdf
s2_outline_89,3次,北海道乳業株式会社,s2_outline_89_sales_01,会社全体,baseline,2023年度,2023,2023,existing_normalized_year,2023,,,,349,1,https://seichotoushi-hojo.jp/assets/pdf/koufu_3_4ji/outline_89.pdf
s2_outline_89,3次,北海道乳業株式会社,s2_outline_89_sales_01,会社全体,target,2030年度,2030,2030,existing_normalized_year,2030,,,,665,1,https://seichotoushi-hojo.jp/assets/pdf/koufu_3_4ji/outline_89.pdf
s2_outline_90,3次,有価物回収協業組合　石坂グループ,s2_outline_90_sales_01,会社全体,baseline,2024年5月期,2024,2024,existing_normalized_year,2024,5,5,5,45.67,1,https://seichotoushi-hojo.jp/assets/pdf/koufu_3_4ji/outline_90.pdf
s2_outline_90,3次,有価物回収協業組合　石坂グループ,s2_outline_90_sales_01,会社全体,target,2031年5月期,2031,2031,existing_normalized_year,2031,5,5,5,110.01,1,https://seichotoushi-hojo.jp/assets/pdf/koufu_3_4ji/outline_90.pdf
s2_outline_91,3次,ＫＩＤＯ　ＰＡＣＫＡＧＩＮＧ株式会社,s2_outline_91_sales_01,KIDO PACKAGING単体,target,2031年3月期,2031,2031,existing_normalized_year,2031,3,3,3,196,1,https://seichotoushi-hojo.jp/assets/pdf/koufu_3_4ji/outline_91.pdf
s2_outline_91,3次,ＫＩＤＯ　ＰＡＣＫＡＧＩＮＧ株式会社,s2_outline_91_sales_01,KIDO PACKAGING単体,baseline,基準年度,,,unresolved_relative_or_missing_context,,,,,123,1,https://seichotoushi-hojo.jp/assets/pdf/koufu_3_4ji/outline_91.pdf
s2_outline_91,3次,ＫＩＤＯ　ＰＡＣＫＡＧＩＮＧ株式会社,s2_outline_91_sales_02,コンソーシアム,target,2031年3月期,2031,2031,existing_normalized_year,2031,3,3,3,199.6,1,https://seichotoushi-hojo.jp/assets/pdf/koufu_3_4ji/outline_91.pdf
s2_outline_91,3次,ＫＩＤＯ　ＰＡＣＫＡＧＩＮＧ株式会社,s2_outline_91_sales_02,コンソーシアム,baseline,基準年度,,,unresolved_relative_or_missing_context,,,,,124.6,1,https://seichotoushi-hojo.jp/assets/pdf/koufu_3_4ji/outline_91.pdf
s2_outline_94,3次,株式会社富士カーボン製造所,s2_outline_94_sales_01,当社（単体）,baseline,2024年度,2024,2024,existing_normalized_year,2024,,,,22.32,1,https://seichotoushi-hojo.jp/assets/pdf/koufu_3_4ji/outline_94.pdf
s2_outline_94,3次,株式会社富士カーボン製造所,s2_outline_94_sales_01,当社（単体）,target,2030年度,2030,2030,existing_normalized_year,2030,,,,85.75,1,https://seichotoushi-hojo.jp/assets/pdf/koufu_3_4ji/outline_94.pdf
s2_outline_94,3次,株式会社富士カーボン製造所,s2_outline_94_sales_02,海外会社,baseline,2024年度,2024,2024,existing_normalized_year,2024,,,,27.1,1,https://seichotoushi-hojo.jp/assets/pdf/koufu_3_4ji/outline_94.pdf
s2_outline_94,3次,株式会社富士カーボン製造所,s2_outline_94_sales_02,海外会社,target,2030年度,2030,2030,existing_normalized_year,2030,,,,68.72,1,https://seichotoushi-hojo.jp/assets/pdf/koufu_3_4ji/outline_94.pdf
s2_outline_94,3次,株式会社富士カーボン製造所,s2_outline_94_sales_03,連結,baseline,2024年度,2024,2024,existing_normalized_year,2024,,,,49.42,1,https://seichotoushi-hojo.jp/assets/pdf/koufu_3_4ji/outline_94.pdf
s2_outline_94,3次,株式会社富士カーボン製造所,s2_outline_94_sales_03,連結,target,2030年度,2030,2030,existing_normalized_year,2030,,,,154.47,1,https://seichotoushi-hojo.jp/assets/pdf/koufu_3_4ji/outline_94.pdf
