round,project_location,head_office_location,company,corporate_number,consortium_member,plan_name,financial_institution,has_financial_confirmation,official_list_url,retrieved_at
3次,"北海道,香川",北海道,株式会社北海道ちぬやファーム,1460001004630,ちぬや冷食株式会社(法人番号1470001010330),地域共創型高付加価値冷凍食品の安定供給体制強化プロジェクト,中国銀行,True,https://seichotoushi-hojo.jp/assets/pdf/list_3ji.pdf,2026-07-18
3次,北海道,北海道,北海道乳業株式会社,6440001002020,東銀リース株式会社(法人番号6010001051366),地域産業の発展と北海道乳業高付加価値化のための工場建設,横浜銀行、きらぼし銀行,True,https://seichotoushi-hojo.jp/assets/pdf/list_3ji.pdf,2026-07-18
3次,北海道,北海道,有限会社ホテル十勝屋,7460102003162,,近隣企業と協力して地域経済の活性化！帯広市のシンボルとなる宿泊施設へ！,帯広信用金庫,True,https://seichotoushi-hojo.jp/assets/pdf/list_3ji.pdf,2026-07-18
3次,青森,青森県,株式会社ヤマイシ,3420001002108,,冷凍倉庫増築による東北活性化,日本政策金融公庫,True,https://seichotoushi-hojo.jp/assets/pdf/list_3ji.pdf,2026-07-18
3次,青森,青森県,八戸酒造株式会社,3420001006422,,観光のハブになる！青森県八戸観光振興！ 八仙ブランドを世界へ！事業・技術承継でつなぐ酒造革命,青森みちのく銀行,True,https://seichotoushi-hojo.jp/assets/pdf/list_3ji.pdf,2026-07-18
3次,岩手,岩手県,株式会社南部医理科,7400001003797,,地域医療DX加速化と介護見守り高度化のためのミリ波・QOCA活用推進事業,,False,https://seichotoushi-hojo.jp/assets/pdf/list_3ji.pdf,2026-07-18
3次,山梨,茨城県,中本Fine Pack株式会社,4050001026300,,中本Fine Pack 生産拠点再編・環境対応新工場の構造改革事業,三菱UFJ銀行,True,https://seichotoushi-hojo.jp/assets/pdf/list_3ji.pdf,2026-07-18
3次,"岡山,宮城,大阪,三重",茨城県,たまご＆ファーマーズ株式会社,5080101019209,,New Egg Production System構築による世界の食産業への貢献,三井住友銀行,True,https://seichotoushi-hojo.jp/assets/pdf/list_3ji.pdf,2026-07-18
3次,"茨城,千葉,埼玉",茨城県,とんきゅう株式会社,6050001015986,,セントラルキッチン活用によるドミナント戦略の強化,常陽銀行,True,https://seichotoushi-hojo.jp/assets/pdf/list_3ji.pdf,2026-07-18
3次,栃木,栃木県,中村土建株式会社,3060001003365,,中小総合建設業のイノベーション～先進的新社屋とICT/DX事業拠点の構築,足利銀行,True,https://seichotoushi-hojo.jp/assets/pdf/list_3ji.pdf,2026-07-18
3次,栃木,栃木県,フタバ食品株式会社,8060001003930,,FUTABA次世代スマート工場建設計画,群馬銀行、足利銀行,True,https://seichotoushi-hojo.jp/assets/pdf/list_3ji.pdf,2026-07-18
3次,群馬,群馬県,東洋ケアサービス株式会社,1070001018050,ESキッチン株式会社(法人番号3070001036158),THE 統合型フードイノベーションファクトリー計画（健康と福祉と笑顔を支える未来型工場）,群馬銀行,True,https://seichotoushi-hojo.jp/assets/pdf/list_3ji.pdf,2026-07-18
3次,群馬,群馬県,フジセイコー株式会社,4070001010062,,日本をリードする硬質脆弱性素材加工メーカーに向けた生産体制の構築,群馬銀行,True,https://seichotoushi-hojo.jp/assets/pdf/list_3ji.pdf,2026-07-18
3次,群馬,群馬県,株式会社清水インダストリ－,6070001009458,,循環型社会の実現に向けたウッドチップ製造及びトレーラー車架装事業の展開,群馬銀行,True,https://seichotoushi-hojo.jp/assets/pdf/list_3ji.pdf,2026-07-18
3次,群馬,群馬県,東亜工業株式会社,6070001019746,,東亜工業BEV戦略～BEV部品生産体制構築に向けた大規模設備投資～,群馬銀行,True,https://seichotoushi-hojo.jp/assets/pdf/list_3ji.pdf,2026-07-18
3次,群馬,群馬県,松村フーズ株式会社,9070001008416,,保税機能を持つスマート冷凍食品自動倉庫の建設,群馬銀行,True,https://seichotoushi-hojo.jp/assets/pdf/list_3ji.pdf,2026-07-18
3次,埼玉,埼玉県,株式会社トッカコーポレーション,2030001039363,,パッケージ業界一の圧倒的な品質水準を更に高める新工場と研修センターの新設,群馬銀行,True,https://seichotoushi-hojo.jp/assets/pdf/list_3ji.pdf,2026-07-18
3次,茨城,埼玉県,株式会社川金コアテック,2030001081828,,免制震デバイスの「製品製造業」から免制震デバイスの「トータルソリューション事業」への変革,みずほ銀行,True,https://seichotoushi-hojo.jp/assets/pdf/list_3ji.pdf,2026-07-18
3次,埼玉,埼玉県,日生流通運輸倉庫株式会社,3030001043050,,新物流センターの設立,埼玉りそな銀行,True,https://seichotoushi-hojo.jp/assets/pdf/list_3ji.pdf,2026-07-18
3次,千葉,千葉県,三日月興業株式会社,3040001075084,,観光立県千葉・御宿から昇る新たな三日月。地域共創ラグジュアリーリゾートの拡大展開,千葉銀行,True,https://seichotoushi-hojo.jp/assets/pdf/list_3ji.pdf,2026-07-18
3次,千葉,千葉県,学校法人花沢学園,4040005001481,,リアル×バーチャル融合型グローバル教育プラットフォームの構築,千葉興業銀行,True,https://seichotoushi-hojo.jp/assets/pdf/list_3ji.pdf,2026-07-18
3次,"熊本,広島,茨城,東京, 三重,兵庫,大分,宮城, 宮崎,富山,山形,山梨, 岩手,愛知,新潟,神奈 川,福岡,秋田,長野,鹿 児島",東京都,日本エア・リキード合同会社,1010401089977,,半導体向け空気分離装置の投資,三井住友銀行,True,https://seichotoushi-hojo.jp/assets/pdf/list_3ji.pdf,2026-07-18
3次,"神奈川,東京,大阪,福 岡,宮城,北海道",東京都,巴工業株式会社,2010701018429,巴マシナリー株式会社(法人番号1021001027640),遠心分離機の世界トップクラスのメーカーへ躍進するための大規模成長投資,みずほ銀行,True,https://seichotoushi-hojo.jp/assets/pdf/list_3ji.pdf,2026-07-18
3次,"宮城,青森",東京都,株式会社ライト製作所,2011401006896,株式会社青森ライト(法人番号9011401000117) 株式会社東北ライト製作所(法人番号9011401004547),精密医療機器のモノづくり環境刷新による事業拡大と社員満足度向上,三菱UFJ銀行,True,https://seichotoushi-hojo.jp/assets/pdf/list_3ji.pdf,2026-07-18
3次,鹿児島,東京都,株式会社エネルギーギャップ,3010001163288,,EG鹿児島第二工場,みずほ銀行,True,https://seichotoushi-hojo.jp/assets/pdf/list_3ji.pdf,2026-07-18
3次,東京,東京都,株式会社ユビタス,3010401097516,,生成AI時代に対応する地域分散型GPU基盤整備事業,三井住友銀行,True,https://seichotoushi-hojo.jp/assets/pdf/list_3ji.pdf,2026-07-18
3次,"滋賀,福島",東京都,ノーラエンジニアリング株式会社,4010001026279,東北ノーラ株式会社(法人番号5380001022570),建設現場の省力化を実現するフェライトステンレス管の供給力増強に向けた大規模設備投資事 業,商工組合中央金庫,True,https://seichotoushi-hojo.jp/assets/pdf/list_3ji.pdf,2026-07-18
3次,"東京,埼玉",東京都,安藤パラケミー株式会社,4010001036385,ANPケミカルズ株式会社(法人番号5030001134285),ANP津事業所プロジェクト,三井住友銀行,True,https://seichotoushi-hojo.jp/assets/pdf/list_3ji.pdf,2026-07-18
3次,東京,東京都,パルス株式会社,4011001113554,株式会社オッドナンバー(法人番号6011001146404),”エンタメ特化型”メタバース【INSPIX WORLD】開発事業,,False,https://seichotoushi-hojo.jp/assets/pdf/list_3ji.pdf,2026-07-18
3次,埼玉,東京都,株式会社上野凮月堂,5010501010095,株式会社上野凮月堂ホールディングス(法人番号7010501014391),世界展開を見据えた工場新築プロジェクト,三井住友銀行,True,https://seichotoushi-hojo.jp/assets/pdf/list_3ji.pdf,2026-07-18
3次,東京,東京都,INTLOOP株式会社,6010401064612,,Intloop AI Agent Platform (IAP) 事業,三菱UFJ銀行,True,https://seichotoushi-hojo.jp/assets/pdf/list_3ji.pdf,2026-07-18
3次,"埼玉,東京",東京都,株式会社シード,7010001003408,芙蓉総合リース株式会社(法人番号3010001028689),新素材コンタクトレンズを含めた生産能力拡張によるマーケットシェア拡大計画,みずほ銀行,True,https://seichotoushi-hojo.jp/assets/pdf/list_3ji.pdf,2026-07-18
3次,栃木,東京都,河淳株式会社,8010001039995,,店舗増による事業拡大と成長を支える次世代物流改革,みずほ銀行,True,https://seichotoushi-hojo.jp/assets/pdf/list_3ji.pdf,2026-07-18
3次,愛知,東京都,有楽製菓株式会社,9012701012933,,国内強化と海外展開のための事業投資,三菱UFJ銀行,True,https://seichotoushi-hojo.jp/assets/pdf/list_3ji.pdf,2026-07-18
3次,神奈川,神奈川県,株式会社タカラ倉庫運輸サービス,4021001026978,株式会社タカラグループ(法人番号7021001073778),次世代物流の起点となる海老名新倉庫整備事業,三菱UFJ銀行,True,https://seichotoushi-hojo.jp/assets/pdf/list_3ji.pdf,2026-07-18
3次,神奈川,神奈川県,株式会社PXP,6010001160407,,次世代太陽電池量産工場投資事業,,False,https://seichotoushi-hojo.jp/assets/pdf/list_3ji.pdf,2026-07-18
3次,神奈川,神奈川県,三友プラントサービス株式会社,8021001012413,,総合大規模型の産廃処理施設「横浜新工場」の建設プロジェクト,横浜銀行,True,https://seichotoushi-hojo.jp/assets/pdf/list_3ji.pdf,2026-07-18
3次,富山,富山県,第一物産株式会社,1230001010288,,閉校跡地を活用した“ものづくり”のまち復権に向けた「大規模地域共創拠点」の開設,日本政策金融公庫,True,https://seichotoushi-hojo.jp/assets/pdf/list_3ji.pdf,2026-07-18
3次,富山,富山県,東亜薬品株式会社,6230001001811,,西本郷工場 新製剤棟新築工事について,北陸銀行,True,https://seichotoushi-hojo.jp/assets/pdf/list_3ji.pdf,2026-07-18
3次,石川,石川県,賀谷セロファン株式会社,5220001009055,,最新鋭自動化工場と高付加価値製品による持続賃上げ基盤構築事業,北陸銀行,True,https://seichotoushi-hojo.jp/assets/pdf/list_3ji.pdf,2026-07-18
3次,福井,石川県,大京株式会社,8220001012171,,持続的成長に向けた建設機械部品の製造工場建設,みずほ銀行,True,https://seichotoushi-hojo.jp/assets/pdf/list_3ji.pdf,2026-07-18
3次,長野,長野県,長野牛乳株式会社,2100001004888,,販路拡大に伴う生産性の向上及び品質管理能力の向上計画,八十二銀行,True,https://seichotoushi-hojo.jp/assets/pdf/list_3ji.pdf,2026-07-18
3次,長野,長野県,さくら不動産株式会社,4100001017252,The Hakuba Company株式会社(法人番号9100001029136),白馬駅前再開発プロジェクト（長期滞在型コンドミニアム建設計画）,りそな銀行,True,https://seichotoushi-hojo.jp/assets/pdf/list_3ji.pdf,2026-07-18
3次,長野,長野県,DOWAパワーデバイス株式会社,6100001016021,,金属-セラミックス基板における世界シェアNo.1奪取に向けた成長投資計画,八十二銀行,True,https://seichotoushi-hojo.jp/assets/pdf/list_3ji.pdf,2026-07-18
3次,長野,長野県,タカノ株式会社,8100001021275,,信州宮田村から世界を変える！半導体製造装置グローバルニッチトップ企業への挑戦,みずほ銀行,True,https://seichotoushi-hojo.jp/assets/pdf/list_3ji.pdf,2026-07-18
3次,長野,長野県,株式会社角藤,9100001000600,,Sグレードファブリケーターとして建築鉄骨業界の中核を担うための大規模成長投資,八十二銀行,True,https://seichotoushi-hojo.jp/assets/pdf/list_3ji.pdf,2026-07-18
3次,岐阜,岐阜県,株式会社光製作所,1200001011421,,柳津新工場プロジェクト,三菱UFJ銀行,True,https://seichotoushi-hojo.jp/assets/pdf/list_3ji.pdf,2026-07-18
3次,"岐阜,東京",岐阜県,奥長良川名水株式会社,2200001019819,,拡大する市場へのアクションと持続的成長を目指すスマートファクトリープロジェクト,十六銀行,True,https://seichotoushi-hojo.jp/assets/pdf/list_3ji.pdf,2026-07-18
3次,岐阜,岐阜県,ハビックス株式会社,6200001004239,,"""キレイ""をつくる衛生用品加工事業",十六銀行,True,https://seichotoushi-hojo.jp/assets/pdf/list_3ji.pdf,2026-07-18
3次,三重,岐阜県,株式会社丸杉,9200001004995,,鋼材加工の高付加価値化と地域共創型流通モデルの実現,三菱UFJ銀行,True,https://seichotoushi-hojo.jp/assets/pdf/list_3ji.pdf,2026-07-18
3次,愛知,愛知県,株式会社マルト水谷,1180001077449,株式会社MMGホールディングス(法人番号9180001108709),東海市新物流センター建設プロジェクト,三菱UFJ銀行,True,https://seichotoushi-hojo.jp/assets/pdf/list_3ji.pdf,2026-07-18
3次,愛知,愛知県,中央製乳株式会社,2180301006239,,牛乳を使った新分野への展開と新たな雇用の創出並びに従業員の賃上げプロジェクト,三菱UFJ銀行,True,https://seichotoushi-hojo.jp/assets/pdf/list_3ji.pdf,2026-07-18
3次,愛知,愛知県,山崎商事運輸株式会社,3180001027518,,大規模物流センターの新設による3PLサービスの提供と物流効率化への貢献,商工組合中央金庫,True,https://seichotoushi-hojo.jp/assets/pdf/list_3ji.pdf,2026-07-18
3次,"愛知,大阪,岡山,福岡, 宮城,千葉,神奈川",愛知県,スギムラ化学工業株式会社,4180001037111,,投資で磨く高効率ライン、環境対応技術で産業を次世代へ,あいち銀行,True,https://seichotoushi-hojo.jp/assets/pdf/list_3ji.pdf,2026-07-18
3次,栃木,愛知県,栄屋乳業株式会社,6180301000816,株式会社名古屋リース(法人番号5180001039107),世界初！次世代冷凍技術を導入したスマート工場新設で世界を上質デザートで笑顔に！！,名古屋銀行,True,https://seichotoushi-hojo.jp/assets/pdf/list_3ji.pdf,2026-07-18
3次,愛知,愛知県,株式会社アヤボ,6180301013553,,DX自動化新生産拠点での切削工具事業拡大による生産性向上と持続的賃上げの実現,碧海信用金庫,True,https://seichotoushi-hojo.jp/assets/pdf/list_3ji.pdf,2026-07-18
3次,愛知,愛知県,名古屋東部陸運株式会社,6180301019030,,調達物流の安定化と多荷主対応を実現する物流業界モデル事業,三菱UFJ銀行,True,https://seichotoushi-hojo.jp/assets/pdf/list_3ji.pdf,2026-07-18
3次,愛知,愛知県,株式会社ヤマキ,6180301022760,,新工場により製造・技術開発・倉庫機能を強化した鋳造部品のサプライチェーン強靭化事業,西尾信用金庫,True,https://seichotoushi-hojo.jp/assets/pdf/list_3ji.pdf,2026-07-18
3次,愛知,愛知県,伊藤光学工業株式会社,7180301010806,,蒲郡清田新工場集約プロジェクト,三菱UFJ銀行,True,https://seichotoushi-hojo.jp/assets/pdf/list_3ji.pdf,2026-07-18
3次,愛知,愛知県,株式会社サンワ,8180301012883,,DEPO倉庫建設とホワイト物流の実現に向けた取り組み,碧海信用金庫,True,https://seichotoushi-hojo.jp/assets/pdf/list_3ji.pdf,2026-07-18
3次,愛知,愛知県,株式会社富士カーボン製造所,8180301013262,,原料配合工程の改善で叶えるグローバルニッチトップ企業への挑戦,三菱UFJ銀行,True,https://seichotoushi-hojo.jp/assets/pdf/list_3ji.pdf,2026-07-18
3次,愛知,愛知県,株式会社高木製作所,9180001037718,株式会社高木運輸(法人番号6180001037720),世界的競争優位の確立に向けた多品種少量プレス部品の自動化と効率的物流システムの構築,三菱UFJ銀行,True,https://seichotoushi-hojo.jp/assets/pdf/list_3ji.pdf,2026-07-18
3次,"三重,北海道,神奈川, 静岡,京都",三重県,株式会社GYXUS,7190001029716,株式会社KOSEI・GYXUS(法人番号3430001091694) 株式会社光洲産業(法人番号1020001077704) 株式会社GYXUS関東(法人番号2020001156853) 株式会社グラデュオ(法人番号9120901002586) 株式会社沖潮開発(法人番号6130001006102),石膏ボード１００％水平リサイクルを軸としたメガ資源循環グループの組成,商工組合中央金庫,True,https://seichotoushi-hojo.jp/assets/pdf/list_3ji.pdf,2026-07-18
3次,"滋賀,長崎",滋賀県,近江鍛工株式会社,3160001000419,,ローリング鍛造製品 切削加工品生産拡大事業,三菱UFJ銀行,True,https://seichotoushi-hojo.jp/assets/pdf/list_3ji.pdf,2026-07-18
3次,"京都,熊本",京都府,カンケンテクノ株式会社,1130001030783,,環境装置生産能力の抜本的強化計画,三菱UFJ銀行,True,https://seichotoushi-hojo.jp/assets/pdf/list_3ji.pdf,2026-07-18
3次,滋賀,京都府,株式会社フォース,9130001025033,,処理困難な土砂系混合産業廃棄物の100%リサイクルを実現する再生砂生成洗浄工場新設事業,徳島大正銀行,True,https://seichotoushi-hojo.jp/assets/pdf/list_3ji.pdf,2026-07-18
3次,"福島,奈良",大阪府,味覚糖株式会社,2120001077560,,独創的な商品で日本・海外においしさと健康を届ける先端工場への進化 -グミおよび健康食品の生産強化のための工場新設および増強工事の実施,三菱UFJ銀行,True,https://seichotoushi-hojo.jp/assets/pdf/list_3ji.pdf,2026-07-18
3次,"岡山,大阪,兵庫,東京",大阪府,藤本化学製品株式会社,2120001088566,,新拠点創造推進プロジェクト,三菱UFJ銀行,True,https://seichotoushi-hojo.jp/assets/pdf/list_3ji.pdf,2026-07-18
3次,"鳥取,大阪",大阪府,ガイア株式会社,3120001151182,,人・馬・水づくり。日本の地域とのキズナを大山水で強化し、世界一の馬と地域を創生！,三井住友銀行,True,https://seichotoushi-hojo.jp/assets/pdf/list_3ji.pdf,2026-07-18
3次,静岡,大阪府,株式会社レイズ,3122001008049,,鋳造アルミホイール国内生産事業,三井住友銀行,True,https://seichotoushi-hojo.jp/assets/pdf/list_3ji.pdf,2026-07-18
3次,大阪,大阪府,大和鋼業株式会社,4120101025384,,次の100年に向けて！近未来の加工環境を実現させる基幹工場新設プロジェクト,りそな銀行,True,https://seichotoushi-hojo.jp/assets/pdf/list_3ji.pdf,2026-07-18
3次,"兵庫,大阪,東京,福岡, 広島,沖縄",大阪府,株式会社ファイン,5120001052809,オール薬品工業株式会社(法人番号4120001076684),医薬品事業の中長期的な成長拡大に向けた大型新工場建設による事業基盤の確立,三井住友銀行,True,https://seichotoushi-hojo.jp/assets/pdf/list_3ji.pdf,2026-07-18
3次,奈良,大阪府,ＫＩＤＯ ＰＡＣＫＡＧＩＮＧ株式会社,5120001077847,ＫＩＤＯホールディングス株式会社(法人番号6120001250725),環境負荷低減と衛生対応を実現する新工場の建設,三菱UFJ銀行,True,https://seichotoushi-hojo.jp/assets/pdf/list_3ji.pdf,2026-07-18
3次,大阪,大阪府,株式会社浪速ポンプ製作所,6120001046074,,生産性向上および新工場に関する成長投資,三菱UFJ銀行,True,https://seichotoushi-hojo.jp/assets/pdf/list_3ji.pdf,2026-07-18
3次,滋賀,大阪府,千代田空調機器 株式会社,6120101004304,,国内製造強化による海外調達リスクの回避と新規販路拡大,三菱UFJ銀行,True,https://seichotoushi-hojo.jp/assets/pdf/list_3ji.pdf,2026-07-18
3次,三重,大阪府,株式会社ライジング,7120001016555,三井住友ファイナンス＆リース株式会社(法人番号5010401072079),中小企業の最先端を目指す高機能工場,三菱UFJ銀行,True,https://seichotoushi-hojo.jp/assets/pdf/list_3ji.pdf,2026-07-18
3次,"宮城,大阪,宮崎",大阪府,株式会社山福,7120001071534,有限会社 エクセル(法人番号8120002029464),仙台新冷凍冷蔵倉庫建設・システム刷新プロジェクト,みずほ銀行,True,https://seichotoushi-hojo.jp/assets/pdf/list_3ji.pdf,2026-07-18
3次,大阪,大阪府,エックスサーバー株式会社,7120001168421,エックスサーバークラウド株式会社(法人番号5120001226288),中小企業DX・AI活用推進のためのクラウドインフラ基盤整備・開発事業,三井住友銀行,True,https://seichotoushi-hojo.jp/assets/pdf/list_3ji.pdf,2026-07-18
3次,大阪,大阪府,株式会社田中食品興業所,7120101030605,,製パン向け事業から今後成長する外食・中食・アジア市場へのフィリング事業拡大,りそな銀行,True,https://seichotoushi-hojo.jp/assets/pdf/list_3ji.pdf,2026-07-18
3次,岐阜,大阪府,牛乳石鹸共進社株式会社,8120001014649,,岐阜県可児市第二工場建設,三菱UFJ銀行,True,https://seichotoushi-hojo.jp/assets/pdf/list_3ji.pdf,2026-07-18
3次,"神奈川,大阪,京都,兵 庫,埼玉",大阪府,オーディエー株式会社,8120001037617,,横浜市周辺及び大阪における集団給食向け省力化・省人化物流センターの構築事業,みずほ銀行,True,https://seichotoushi-hojo.jp/assets/pdf/list_3ji.pdf,2026-07-18
3次,大阪,大阪府,昭和化工株式会社,8120901017453,,昭和化工㈱ 令和大改修プロジェクト,三井住友銀行,True,https://seichotoushi-hojo.jp/assets/pdf/list_3ji.pdf,2026-07-18
3次,大阪,大阪府,健栄製薬株式会社,9120001078916,,社会問題である「薬不足の解消」および需要拡大する便秘症向け医薬品増産を目的とする新工 場建設計画,みずほ銀行,True,https://seichotoushi-hojo.jp/assets/pdf/list_3ji.pdf,2026-07-18
3次,大阪,大阪府,株式会社ジョヴィ,9120001102246,,薬局を拠点としたみまもりサービスと地域エネルギー基盤構築プロジェクト,三井住友銀行、みずほ銀行,True,https://seichotoushi-hojo.jp/assets/pdf/list_3ji.pdf,2026-07-18
3次,和歌山,大阪府,株式会社ユーテック,5120101031522,,すべての油を水に転換！ 世界初！次世代の水性作動液・潤滑液 “アクアブルー” を開発！ 化石資源利用激減で地球環境保護。カーボンニュートラルの実現！,りそな銀行,True,https://seichotoushi-hojo.jp/assets/pdf/list_3ji.pdf,2026-07-18
3次,兵庫,兵庫県,ヤマトスチール株式会社,1140001063741,,マザー工場における生産設備強靭化と脱炭素社会実現に貢献する大規模設備投資,三井住友銀行,True,https://seichotoushi-hojo.jp/assets/pdf/list_3ji.pdf,2026-07-18
3次,"兵庫,神奈川",兵庫県,株式会社シュゼット・ホールディングス,3140001086600,株式会社スタジオ・シュゼット(法人番号5140001092043),「日本発の製菓のラグジュアリーブランド確立」に向けた大規模成長投資,三井住友銀行,True,https://seichotoushi-hojo.jp/assets/pdf/list_3ji.pdf,2026-07-18
3次,兵庫,兵庫県,丸進運輸株式会社,5140001078950,,低温物流ニーズの高まりに対する、冷凍冷蔵倉庫建設事業,三井住友銀行,True,https://seichotoushi-hojo.jp/assets/pdf/list_3ji.pdf,2026-07-18
3次,兵庫,兵庫県,白鷺特殊鋼株式会社,7140001060683,ハクロスチール株式会社(法人番号7140001060675),産学連携の最新「工場レイアウト研究」を活かし、先端産業に欠かせない特殊鋼を必要な加工と ともに適時適量で供給体制構築,三井住友銀行,True,https://seichotoushi-hojo.jp/assets/pdf/list_3ji.pdf,2026-07-18
3次,兵庫,兵庫県,株式会社キド,7140001084666,,半導体・医薬・二次電池用タンク製造自動化で短納期競争力を高め 6％の賃上げ実現,徳島大正銀行,True,https://seichotoushi-hojo.jp/assets/pdf/list_3ji.pdf,2026-07-18
3次,静岡,兵庫県,株式会社ティーケーシン,8140001069468,,静岡工場の最適生産体制構築プロジェクト,静岡銀行,True,https://seichotoushi-hojo.jp/assets/pdf/list_3ji.pdf,2026-07-18
3次,兵庫,兵庫県,トクセン工業株式会社,9140001076587,,特殊金属線スペシャリストとして地域から世界のメディカル・エレクトロニクス市場への挑戦,三菱UFJ銀行,True,https://seichotoushi-hojo.jp/assets/pdf/list_3ji.pdf,2026-07-18
3次,奈良,奈良県,至誠堂製薬株式会社,2150001013892,,国内外一般用医薬品の生産能力大幅増強に向けた大規模投資計画,南都銀行,True,https://seichotoushi-hojo.jp/assets/pdf/list_3ji.pdf,2026-07-18
3次,奈良,奈良県,東洋スクリーン工業株式会社,6150001007098,,～古都奈良から世界へ～世界No.1のウェッジワイヤー技術を活かした製品を市場に浸透させ、 地球環境と社会の進歩発展に貢献する！,南都銀行,True,https://seichotoushi-hojo.jp/assets/pdf/list_3ji.pdf,2026-07-18
3次,"鳥取,島根,岡山",鳥取県,Ｌ物流株式会社,3280001002997,,「事業継続性」「省人化」「小口出荷能力」を装備し、地域メーカーの販路拡大と地域課題の解決 に貢献する“米子低温食品物流センター”の設立,中国銀行,True,https://seichotoushi-hojo.jp/assets/pdf/list_3ji.pdf,2026-07-18
3次,島根,島根県,モルツウェル株式会社,4280001002889,,高齢者施設給食業界をDXで変革する真空調理拠点整備事業,広島銀行,True,https://seichotoushi-hojo.jp/assets/pdf/list_3ji.pdf,2026-07-18
3次,岡山,岡山県,ときわ製作所株式会社,6260001019768,,～津山から世界へ～ 拠点集約による持続的な成長・発展,伊予銀行,True,https://seichotoushi-hojo.jp/assets/pdf/list_3ji.pdf,2026-07-18
3次,広島,広島県,株式会社モリシタ,2240001011788,株式会社ホワイトフォックス(法人番号3240001019525),自社工場建設とスマート物流革新プロジェクト ～ワンランク上のプレミアムペットフード製造による新市場創出を目指して～,広島銀行,True,https://seichotoushi-hojo.jp/assets/pdf/list_3ji.pdf,2026-07-18
3次,広島,広島県,株式会社 八天堂,2240001040011,,創業100年に向けて、広島三原から世界へ！省力化を企図した新工場建設プロジェクト,広島銀行,True,https://seichotoushi-hojo.jp/assets/pdf/list_3ji.pdf,2026-07-18
3次,静岡,広島県,株式会社やまみ,4240001040001,,大豆の力で世界を健康に！～富士山麓工場拡張計画～,三菱UFJ銀行,True,https://seichotoushi-hojo.jp/assets/pdf/list_3ji.pdf,2026-07-18
3次,広島,広島県,キングパーツ株式会社,6240001030421,,工場集約による動線最適化と省力化を目的とした新工場建設プロジェクト ～労働生産性向上と 働きやすい工場環境の整備、賃上げの実現を目指して～,広島銀行,True,https://seichotoushi-hojo.jp/assets/pdf/list_3ji.pdf,2026-07-18
3次,広島,広島県,ホーコス株式会社,6240001032095,,福山北第２事業所建設計画,広島銀行,True,https://seichotoushi-hojo.jp/assets/pdf/list_3ji.pdf,2026-07-18
3次,岡山,広島県,アイサービス株式会社,6240001037763,,超高齢社会課題の解決と自社の成長を目的とした冷凍弁当製造専用工場建設プロジェクト,広島銀行,True,https://seichotoushi-hojo.jp/assets/pdf/list_3ji.pdf,2026-07-18
3次,広島,広島県,株式会社フルサワ,9240001027225,,大規模設備導入によるプラント・風力発電・船舶解体と再資源化事業の拡大,もみじ銀行,True,https://seichotoushi-hojo.jp/assets/pdf/list_3ji.pdf,2026-07-18
3次,島根,広島県,都吹株式会社,9240001039047,,冷凍豆腐・厚揚げ生産拡大による地域産業振興プロジェクト,中国銀行,True,https://seichotoushi-hojo.jp/assets/pdf/list_3ji.pdf,2026-07-18
3次,高知,高知県,高知食糧株式会社,4490001000632,,地域の食を支える精米工場・食品卸センター拠点整備,四国銀行,True,https://seichotoushi-hojo.jp/assets/pdf/list_3ji.pdf,2026-07-18
3次,島根,福岡県,株式会社三陽,3290001038289,,強く地元と連携し、地域完結を実現する中国地方初となる大規模拠点工場の新設,北九州銀行,True,https://seichotoushi-hojo.jp/assets/pdf/list_3ji.pdf,2026-07-18
3次,"熊本,福岡,東京,大阪, 広島,長崎,沖縄",福岡県,ベストアメニティ株式会社,5290001049821,,生産体制強化によるペットフード事業拡大・持続的成長戦略,福岡銀行,True,https://seichotoushi-hojo.jp/assets/pdf/list_3ji.pdf,2026-07-18
3次,福岡,福岡県,株式会社EVモーターズジャパン,6290801025401,,EVバスの自社製造によるカーボンニュートラルの推進,三井住友銀行,True,https://seichotoushi-hojo.jp/assets/pdf/list_3ji.pdf,2026-07-18
3次,香川,福岡県,株式会社ファーストダウン,8120001202749,,省人・省力・自動化カット野菜工場の新設による中四国エリア進出事業,みずほ銀行,True,https://seichotoushi-hojo.jp/assets/pdf/list_3ji.pdf,2026-07-18
3次,福岡,福岡県,アトム株式会社,8290001002595,,安心・安全で高品質な自社加工製品生産拡大のための大規模投資,西日本シティ銀行,True,https://seichotoushi-hojo.jp/assets/pdf/list_3ji.pdf,2026-07-18
3次,長崎,長崎県,株式会社オフィス早田,3310001011441,,大型金属製品加工の受注体制強化に向けた工場の新設計画,十八親和銀行,True,https://seichotoushi-hojo.jp/assets/pdf/list_3ji.pdf,2026-07-18
3次,熊本,熊本県,ハマダレクテック株式会社,6330001030552,,半導体産業の発展を支える、半導体材料(シリコン･SiC)加工に係る投資拡大事業,みずほ銀行,True,https://seichotoushi-hojo.jp/assets/pdf/list_3ji.pdf,2026-07-18
3次,熊本,熊本県,有価物回収協業組合 石坂グループ,9330005001092,,世界最新のAI・デジタル技術を駆使した日本の「リソーシング産業」の確立,肥後銀行,True,https://seichotoushi-hojo.jp/assets/pdf/list_3ji.pdf,2026-07-18
3次,宮崎,宮崎県,株式会社英楽,6350001012169,,包丁レスと生産性向上を実現するAIを用いた定量食肉カット工場新設事業,宮崎銀行,True,https://seichotoushi-hojo.jp/assets/pdf/list_3ji.pdf,2026-07-18
3次,沖縄,沖縄県,株式会社宮古島の雪塩,5360001013893,,宮古島土産菓子製造の島内回帰と産業創造に向けた大規模菓子工場建設事業,三菱UFJ銀行,True,https://seichotoushi-hojo.jp/assets/pdf/list_3ji.pdf,2026-07-18
4次,"岩手,宮城",岩手県,岩手雪運株式会社,9400001005255,,いわて花巻から地方における持続可能な食品物流モデルを世界へ発信する大規模食品物流拠 点建設プロジェクト,岩手銀行､商工組合中央金庫,True,https://seichotoushi-hojo.jp/assets/pdf/list_4ji.pdf,2026-07-18
4次,"宮城,岩手,福島,東京, 神奈川",宮城県,古川電気工業株式会社,1370001006009,古川工業株式会社(法人番号7370101000211),船岡工場の未来志向型生産拠点化プロジェクト～革新的な設備導入によって飛躍的に事業を拡 大～,三菱UFJ銀行,True,https://seichotoushi-hojo.jp/assets/pdf/list_4ji.pdf,2026-07-18
4次,茨城,茨城県,ハムリー株式会社,1050001019190,,感染症や遺伝子治療の高度化を見据えた非臨床試験の体制構築を強化！ 医薬品開発市場におけるバリューチェーン強靭化計画,常陽銀行,True,https://seichotoushi-hojo.jp/assets/pdf/list_4ji.pdf,2026-07-18
4次,茨城,茨城県,株式会社セントラルフード,9050001018706,,昨今のライフスタイルにより変化した食文化に対応する食肉加工増産計画,足利銀行,True,https://seichotoushi-hojo.jp/assets/pdf/list_4ji.pdf,2026-07-18
4次,群馬,群馬県,株式会社シー・エス・ケイ,1070001019593,ぐんぎんリース株式会社(法人番号4070001000922),自動化設備等の導入による鋼板加工業のスマート工場化への大改革,群馬銀行,True,https://seichotoushi-hojo.jp/assets/pdf/list_4ji.pdf,2026-07-18
4次,群馬,群馬県,株式会社OSAJI,1070001040987,,化粧品世界ブランドになるためのマザー工場建設事業,群馬銀行,True,https://seichotoushi-hojo.jp/assets/pdf/list_4ji.pdf,2026-07-18
4次,千葉,群馬県,株式会社群馬コイケ,5070001013254,三井住友ファイナンス＆リース株式会社(法人番号5010401072079),省力化新工場で溶断機・切断機部品を日本ナンバー１から世界ナンバー1へ,千葉銀行,True,https://seichotoushi-hojo.jp/assets/pdf/list_4ji.pdf,2026-07-18
4次,埼玉,埼玉県,石坂産業株式会社,4030001056274,,『埋める時代を終わらせる。』混合廃棄物に挑む、精度分級×データドリブンのリマテリアル革命,三井住友銀行,True,https://seichotoushi-hojo.jp/assets/pdf/list_4ji.pdf,2026-07-18
4次,"栃木,埼玉",埼玉県,株式会社大熊製作所,2030001074022,,省力化と自動化を融合した次世代型スマート工場,埼玉りそな銀行,True,https://seichotoushi-hojo.jp/assets/pdf/list_4ji.pdf,2026-07-18
4次,埼玉,埼玉県,株式会社中村畜産,6030001065075,,90年の伝統と最新技術融合による食肉加工リーディングカンパニー構想,足利銀行,True,https://seichotoushi-hojo.jp/assets/pdf/list_4ji.pdf,2026-07-18
4次,"埼玉,福岡",埼玉県,株式会社フカガワ,8030001076970,,製造・供給体制の強化再編プロジェクト,三菱UFJ銀行,True,https://seichotoushi-hojo.jp/assets/pdf/list_4ji.pdf,2026-07-18
4次,"千葉,東京",千葉県,株式会社ワイズマート,9040001030133,,価値向上・省力化・コンパクトストア出店を実現する地域密着型プロセスセンター・AutoStore設立,三井住友銀行,True,https://seichotoushi-hojo.jp/assets/pdf/list_4ji.pdf,2026-07-18
4次,長野,東京都,株式会社ピカソナチュラルズ,1010001098866,,創業100年に向けた挑戦 ～Made In Japanコスメを世界へ～,三菱UFJ銀行,True,https://seichotoushi-hojo.jp/assets/pdf/list_4ji.pdf,2026-07-18
4次,東京,東京都,株式会社玉子屋,5010801007163,,仕出し弁当の生産能力増強に向けた大規模成長投資計画,三菱UFJ銀行,True,https://seichotoushi-hojo.jp/assets/pdf/list_4ji.pdf,2026-07-18
4次,"長野,東京,新潟, 岩手",東京都,株式会社タンケンシールセーコウ,3010801006885,,先端産業の成長を支えるカーボン製品の生産性・供給能力強化事業,三井住友銀行,True,https://seichotoushi-hojo.jp/assets/pdf/list_4ji.pdf,2026-07-18
4次,大阪,東京都,株式会社 日本橋冷凍手島商店,3010001128349,,「暑い世界で命を守る」関西圏のパッケージ氷安定供給プロジェクト,りそな銀行,True,https://seichotoushi-hojo.jp/assets/pdf/list_4ji.pdf,2026-07-18
4次,"京都府,京都,埼玉",東京都,有限会社カイカイキキ,5010402035398,,京都・東九条スタジオ新設による制作能力増強計画,京都信用金庫,True,https://seichotoushi-hojo.jp/assets/pdf/list_4ji.pdf,2026-07-18
4次,茨城,東京都,新日本電工株式会社,9010001035003,,独自の溶融固化処理技術を活かして、国内最大級の処理施設で焼却灰の無害化・再資源化を 一貫して実現し、次の成長ステージを目指すパーフェクトリサイクル事業,みずほ銀行,True,https://seichotoushi-hojo.jp/assets/pdf/list_4ji.pdf,2026-07-18
4次,千葉,東京都,栗山自動車工業株式会社,6011701002559,,トラック塗装・整備工場新設によるリファービッシュ事業拡大,りそな銀行,True,https://seichotoushi-hojo.jp/assets/pdf/list_4ji.pdf,2026-07-18
4次,茨城,東京都,ソントン食品株式会社,5010001034818,,製造能力・顧客対応力強化によるフィリング市場における圧倒的ポジションの確立,三菱UFJ銀行,True,https://seichotoushi-hojo.jp/assets/pdf/list_4ji.pdf,2026-07-18
4次,熊本,東京都,株式会社カネヒロ,3010001014136,,アルミニウム加工・販売事業拡大のための新工場建設プロジェクト,りそな銀行,True,https://seichotoushi-hojo.jp/assets/pdf/list_4ji.pdf,2026-07-18
4次,"群馬,東京",東京都,木本製菓株式会社,5011801007203,,上野の森と不忍池に囲まれたプライベートホテル『上野不忍』開業―新しいビジネスモデルを東 京から地方へ展開。「地方創生」に寄与―,城北信用金庫,True,https://seichotoushi-hojo.jp/assets/pdf/list_4ji.pdf,2026-07-18
4次,三重,神奈川県,上野ロジケム株式会社,6020001128840,,危険物倉庫ネットワーク拡大プロジェクト,みずほ銀行,True,https://seichotoushi-hojo.jp/assets/pdf/list_4ji.pdf,2026-07-18
4次,神奈川,神奈川県,株式会社トノックス,4021001037158,,自動運転車両・超小型モビリティ車両の開発設計製造事業,横浜銀行,True,https://seichotoushi-hojo.jp/assets/pdf/list_4ji.pdf,2026-07-18
4次,"栃木,神奈川",神奈川県,三ツ和商事株式会社,3011601006695,,矢板工場新棟建設・生産能力拡充プロジェクト,横浜信用金庫､みずほ銀行,True,https://seichotoushi-hojo.jp/assets/pdf/list_4ji.pdf,2026-07-18
4次,"神奈川,千葉",神奈川県,株式会社エスビーティー,2020001057820,,営業基盤の高度化による海外売上成長を通じた賃上げ推進事業,三菱UFJ銀行,True,https://seichotoushi-hojo.jp/assets/pdf/list_4ji.pdf,2026-07-18
4次,長野,神奈川県,日本濾過器株式会社,4010901009143,,高機能フィルター工場の新設による新技術開発と生産性革新の実現,横浜銀行,True,https://seichotoushi-hojo.jp/assets/pdf/list_4ji.pdf,2026-07-18
4次,岩手,神奈川県,株式会社クボテック,6021001022488,,岩手県奥州市における新工場建設,横浜銀行,True,https://seichotoushi-hojo.jp/assets/pdf/list_4ji.pdf,2026-07-18
4次,埼玉,神奈川県,株式会社 光洋,5020001029800,,超高齢社会を支える大人用紙おむつ製造力増強による医療・介護現場の負担軽減,三菱UFJ銀行,True,https://seichotoushi-hojo.jp/assets/pdf/list_4ji.pdf,2026-07-18
4次,新潟,新潟県,株式会社新潟食品運輸,6110001003902,,次世代型3PLによる地域食品冷凍冷蔵物流を支える大規模成長投資事業,第四北越銀行,True,https://seichotoushi-hojo.jp/assets/pdf/list_4ji.pdf,2026-07-18
4次,"新潟,島根",新潟県,明和工業株式会社,4110001007608,株式会社ヨシカワ機械(法人番号3280001003343),溶接と精密機械加工技術の融合によって「産業用設備ユニットの総合エンジニアリング企業」とな るための、生産能力拡大と人材資源確保を含めた大規模設備投資,日本政策金融公庫､山陰合同銀行,True,https://seichotoushi-hojo.jp/assets/pdf/list_4ji.pdf,2026-07-18
4次,新潟,新潟県,株式会社ヤマキ食品,7110001005609,,地域農業と共創する食品サプライチェーン構築と持続的成長を実現する新工場プロジェクト,第四北越銀行,True,https://seichotoushi-hojo.jp/assets/pdf/list_4ji.pdf,2026-07-18
4次,富山,富山県,ファインプラス株式会社,4230001007769,,成長する次世代モビリティに向けた自動車電装部品の生産拡張事業,三菱UFJ銀行,True,https://seichotoushi-hojo.jp/assets/pdf/list_4ji.pdf,2026-07-18
4次,富山,富山県,池田薬品工業株式会社,9230001004720,,高齢化社会への医療用皮膚炎向け軟膏・クリーム安定供給に向けた大規模成長投資での製造 能力強化と専門人材確保・育成での組織力強化事業,北陸銀行,True,https://seichotoushi-hojo.jp/assets/pdf/list_4ji.pdf,2026-07-18
4次,石川,石川県,株式会社クラスコ,3220001004108,,"能登震災を契機に、不動産ノウハウを活かした""暮らすように滞在できるホテル""から、地域活性 と雇用拡大・全国展開を実現する成長投資",北陸銀行,True,https://seichotoushi-hojo.jp/assets/pdf/list_4ji.pdf,2026-07-18
4次,福井,福井県,セーレンＫＳＴ株式会社,1210001001140,三井住友ファイナンス＆リース株式会社(法人番号5010401072079),世界を動かす、福井のシリコン技術 ー酸化厚膜＆SOI製造革新プロジェクト,三井住友銀行,True,https://seichotoushi-hojo.jp/assets/pdf/list_4ji.pdf,2026-07-18
4次,長野,長野県,北アルプス飲料株式会社,2100001036898,,北アルプス水脈再生プロジェクト～紙容器によるサステナブル飲料革命～,静岡銀行,True,https://seichotoushi-hojo.jp/assets/pdf/list_4ji.pdf,2026-07-18
4次,長野,長野県,化成工業株式会社,2100001022881,,地方創生・日本のモノづくりを支えるプラスチック射出成形の高効率生産・省力化物流体制構築 事業,飯田信用金庫,True,https://seichotoushi-hojo.jp/assets/pdf/list_4ji.pdf,2026-07-18
4次,長野,長野県,株式会社エム・ケー・ケー,2100001012841,,松本駅前再活性化プロジェクト～旧百貨店跡を活用した商業・外資系ホテル複合開発,長野県信用組合,True,https://seichotoushi-hojo.jp/assets/pdf/list_4ji.pdf,2026-07-18
4次,岐阜,岐阜県,株式会社ジーケーエス,9200001008030,,未来志向型・地域包括ヘルスケアフード・サプライチェーン構築事業,大垣西濃信用金庫,True,https://seichotoushi-hojo.jp/assets/pdf/list_4ji.pdf,2026-07-18
4次,群馬,岐阜県,株式会社ビクトリー,7200001019509,,群馬新工場設立によるミネラルウォーター安定供給革新とカーボンニュートラル実現,商工組合中央金庫,True,https://seichotoushi-hojo.jp/assets/pdf/list_4ji.pdf,2026-07-18
4次,岐阜,岐阜県,日電精密工業株式会社,8200001014095,共友リース株式会社(法人番号3180001035520),工場再編を伴う大胆なリソース再分配を通じた、精密金属プレス部品の高付加価値化と次世代 半導体ウエハ－分野への進出,大垣共立銀行,True,https://seichotoushi-hojo.jp/assets/pdf/list_4ji.pdf,2026-07-18
4次,岐阜,岐阜県,丹羽鋳造株式会社,3200001004101,,物流BIM再編,十六銀行,True,https://seichotoushi-hojo.jp/assets/pdf/list_4ji.pdf,2026-07-18
4次,岐阜,岐阜県,株式会社エフアイコーポレイション,9200001011703,,海外市場展開加速化と国内市場での高収益化に向けた新製品開発・製造・品質管理能力強化 事業,岐阜信用金庫,True,https://seichotoushi-hojo.jp/assets/pdf/list_4ji.pdf,2026-07-18
4次,岐阜,岐阜県,株式会社キィポーション,9200001016207,,岐阜県西濃地域・地方菓子製造業者との共存共栄での「総合ODM菓子流通加工業」へのステッ プアップ事業,岐阜信用金庫,True,https://seichotoushi-hojo.jp/assets/pdf/list_4ji.pdf,2026-07-18
4次,静岡,静岡県,アルフレッド株式会社,5080401025170,,日本最大のアスベスト分析工場の設立計画,静岡銀行,True,https://seichotoushi-hojo.jp/assets/pdf/list_4ji.pdf,2026-07-18
4次,静岡,静岡県,株式会社コハラ,6080001014804,,展示会、検証拠点等の整備によるロボットシステムインテグレータ事業の強化とシナジー効果,静岡銀行,True,https://seichotoushi-hojo.jp/assets/pdf/list_4ji.pdf,2026-07-18
4次,愛知,愛知県,株式会社鈴木プラスチックス,7180001008563,,工場集約によるコンテンツ産業向けのグッズ生産の体制構築,あいち銀行,True,https://seichotoushi-hojo.jp/assets/pdf/list_4ji.pdf,2026-07-18
4次,愛知,愛知県,鈴木鉄工株式会社,5180301022539,,パワーシート・ドア部品の先端的自動組付け工場新設でグローバルニッチトップ企業に成長,西尾信用金庫,True,https://seichotoushi-hojo.jp/assets/pdf/list_4ji.pdf,2026-07-18
4次,愛知,愛知県,株式会社南鐵建,3180301007806,,鉄骨製作工場の最高位“Sグレード”取得を通じて、我が国の国土強靭化に貢献。,豊橋信用金庫,True,https://seichotoushi-hojo.jp/assets/pdf/list_4ji.pdf,2026-07-18
4次,愛知,愛知県,ナカネ新建材株式会社,1180301001505,,建材卸業界に革命を！物流DXで省人化と効率化を可能とする建材向け3PL事業,岡崎信用金庫,True,https://seichotoushi-hojo.jp/assets/pdf/list_4ji.pdf,2026-07-18
4次,愛知,愛知県,有限会社ワンプラスワン,5180302017439,,調達物流を担う大規模物流センター新設による物流のホワイト化と事業拡大,商工組合中央金庫,True,https://seichotoushi-hojo.jp/assets/pdf/list_4ji.pdf,2026-07-18
4次,愛知,愛知県,株式会社北十,3180001007362,,地域主導型の共同配送で挑む冷凍物流革新,三十三銀行,True,https://seichotoushi-hojo.jp/assets/pdf/list_4ji.pdf,2026-07-18
4次,愛知,愛知県,東海デキストリン株式会社,4180001031543,,加工でんぷんの付加価値拡大事業,三菱UFJ銀行,True,https://seichotoushi-hojo.jp/assets/pdf/list_4ji.pdf,2026-07-18
4次,愛知,愛知県,株式会社 進和,2180001000574,,春日井第2事業所プロジェクト,りそな銀行,True,https://seichotoushi-hojo.jp/assets/pdf/list_4ji.pdf,2026-07-18
4次,静岡,愛知県,三恵株式会社,4180001045460,,次世代車の普及に寄与!「革新的塗装ライン」と「大型成形ライン」による「軽量化」「生産性向上」 「低コスト化」体制構築計画,三菱UFJ銀行,True,https://seichotoushi-hojo.jp/assets/pdf/list_4ji.pdf,2026-07-18
4次,長野,愛知県,ロートニッテン株式会社,8180001015261,,後発医薬品の安定供給及び新事業・新市場への進出、医療機器事業の拡大に向けた製造力強 化,三菱UFJ銀行,True,https://seichotoushi-hojo.jp/assets/pdf/list_4ji.pdf,2026-07-18
4次,愛知,愛知県,株式会社メタルテック,8180001076956,,EV時代に対応した軽量・高強度部品製造体制の強化,三菱UFJ銀行,True,https://seichotoushi-hojo.jp/assets/pdf/list_4ji.pdf,2026-07-18
4次,滋賀,滋賀県,奥伊吹観光株式会社,9160001006484,,地域を牽引！2070年世界に愛される宿泊型総合リゾートプロジェクト,滋賀銀行,True,https://seichotoushi-hojo.jp/assets/pdf/list_4ji.pdf,2026-07-18
4次,"大阪,滋賀",滋賀県,株式会社手原産業倉庫,2160001015649,,次世代共創物流プラットフォーム構築事業,滋賀銀行,True,https://seichotoushi-hojo.jp/assets/pdf/list_4ji.pdf,2026-07-18
4次,滋賀,滋賀県,株式会社ジェリフ,2160001015707,,食用ゼラチンの生産力拡大によるシェアアップとグミ市場の開拓,滋賀銀行,True,https://seichotoushi-hojo.jp/assets/pdf/list_4ji.pdf,2026-07-18
4次,京都,京都府,日本海精錬株式会社,1130001043570,,バッテリーリサイクル率90％以上に向けた次世代工場新設計画,,False,https://seichotoushi-hojo.jp/assets/pdf/list_4ji.pdf,2026-07-18
4次,京都,京都府,信和化工株式会社,5130001014774,,日本のバイオ産業を支える分離剤の生産性向上と環境負荷軽減の両立への投資,滋賀銀行,True,https://seichotoushi-hojo.jp/assets/pdf/list_4ji.pdf,2026-07-18
4次,大阪,大阪府,コモライフ株式会社,4120001070968,,次世代物流拠点の構築による国内基盤強化と世界市場展開加速プロジェクト,商工組合中央金庫,True,https://seichotoushi-hojo.jp/assets/pdf/list_4ji.pdf,2026-07-18
4次,群馬,大阪府,株式会社グリーンパッケージ,8120901009302,,一貫生産と生産性の大幅向上で大型需要に応える関東第二工場建設計画,りそな銀行,True,https://seichotoushi-hojo.jp/assets/pdf/list_4ji.pdf,2026-07-18
4次,大阪,大阪府,株式会社シャノワール,1122001016870,,セントラル工場の進化による製造力強化を進め商圏拡大を目指す,三菱UFJ銀行,True,https://seichotoushi-hojo.jp/assets/pdf/list_4ji.pdf,2026-07-18
4次,"兵庫,大阪",大阪府,八光エルアール株式会社,3120001006139,,グローバルリーダーを育成する国際バカロレア準拠の学校事業,りそな銀行,True,https://seichotoushi-hojo.jp/assets/pdf/list_4ji.pdf,2026-07-18
4次,大阪,大阪府,能勢酒造株式会社,7120901021258,,リターナブル瓶と地サイダー事業を両立させた、個性的な飲料ビジネスモデルの構築,京都銀行,True,https://seichotoushi-hojo.jp/assets/pdf/list_4ji.pdf,2026-07-18
4次,岡山,大阪府,株式会社ナリコマフード,2120901016923,,更なる市場ニーズ増加に対応するための製造拠点の新設（岡山工場）,三井住友銀行,True,https://seichotoushi-hojo.jp/assets/pdf/list_4ji.pdf,2026-07-18
4次,"栃木,大阪,静岡, 山口,宮城",大阪府,株式会社ダイドー,2120101033926,,「住宅環境」と「働く環境」分野の拡大で躍進的な成長を目指す大規模成長投資,みずほ銀行,True,https://seichotoushi-hojo.jp/assets/pdf/list_4ji.pdf,2026-07-18
4次,愛媛,大阪府,株式会社レクザム,7120001092225,三菱HCキャピタル株式会社(法人番号4010001049866),電子回路実装基板の自動生産モデル工場への変革,香川銀行,True,https://seichotoushi-hojo.jp/assets/pdf/list_4ji.pdf,2026-07-18
4次,"茨城,東京,兵庫, 長野,福岡",兵庫県,アサヒプリテック株式会社,4140001128855,,貴金属リサイクル能力の拡張,三菱UFJ銀行,True,https://seichotoushi-hojo.jp/assets/pdf/list_4ji.pdf,2026-07-18
4次,兵庫,兵庫県,株式会社リバイト,2140001032679,,低コスト・高機能・ラグジュアリー「ホテル＆ヴィラ」による高付加価値型宿泊事業の展開,日本政策金融公庫,True,https://seichotoushi-hojo.jp/assets/pdf/list_4ji.pdf,2026-07-18
4次,大阪,兵庫県,株式会社デイリーエッグ,4140001039697,,食品製造現場の人手不足を改善する液卵市場の開拓に向けた大規模投資事業,中国銀行,True,https://seichotoushi-hojo.jp/assets/pdf/list_4ji.pdf,2026-07-18
4次,兵庫,兵庫県,株式会社 コスモス食品,8140001077586,,COSMOSPARK PROJECT「FD技術で切り開くRTE食品のグローバル展開と地域共生」,三菱UFJ銀行,True,https://seichotoushi-hojo.jp/assets/pdf/list_4ji.pdf,2026-07-18
4次,兵庫,兵庫県,株式会社アダチ,1140001012434,,供給力強化と物流コスト最適化を実現する本社新倉庫建設事業,阿波銀行,True,https://seichotoushi-hojo.jp/assets/pdf/list_4ji.pdf,2026-07-18
4次,"岐阜,大阪,東京, 兵庫,愛知",兵庫県,日本毛織株式会社,2140001012193,,衣料繊維事業,,False,https://seichotoushi-hojo.jp/assets/pdf/list_4ji.pdf,2026-07-18
4次,兵庫,兵庫県,株式会社東豊精工,1140001056010,,精密ばねのリーディングカンパニーとして持続的成長と賃上げを実現する大規模成長投資,三井住友銀行,True,https://seichotoushi-hojo.jp/assets/pdf/list_4ji.pdf,2026-07-18
4次,奈良,奈良県,株式会社ライズクリエイション,8150001018250,,自動化機能を運用した新倉庫の立ち上げによるD2C成長計画,鳥取銀行,True,https://seichotoushi-hojo.jp/assets/pdf/list_4ji.pdf,2026-07-18
4次,奈良,奈良県,株式会社ベネフル,8150001007542,,カーボンゼロ再生モビリティ製造ステーション（CRS）の事業化,南都銀行,True,https://seichotoushi-hojo.jp/assets/pdf/list_4ji.pdf,2026-07-18
4次,和歌山,和歌山県,株式会社 ファーストライン,9170001014858,,5温度帯対応倉庫導入による事業拡大,紀陽銀行,True,https://seichotoushi-hojo.jp/assets/pdf/list_4ji.pdf,2026-07-18
4次,鳥取,鳥取県,リバードコーポレーション株式会社,3270001005753,,垂直統合型D2Cサプライチェーン＝FSSC22000×HGペットフード×OM ～人口最小県から世界 市場へ～,鳥取銀行､日本政策金融公庫,True,https://seichotoushi-hojo.jp/assets/pdf/list_4ji.pdf,2026-07-18
4次,岡山,岡山県,ナカシマヘルスフォース株式会社,3260001011075,,-からだが動く。こころが動く。- 日本発の人工関節・脊椎固定具・骨接合材料のための最先端工場建設事業,中国銀行,True,https://seichotoushi-hojo.jp/assets/pdf/list_4ji.pdf,2026-07-18
4次,岡山,岡山県,院庄林業株式会社,3260001019548,,製材工場新ライン投資計画,中国銀行,True,https://seichotoushi-hojo.jp/assets/pdf/list_4ji.pdf,2026-07-18
4次,福井,岡山県,フクビ岡山株式会社,3260001032451,,高性能フェノールフォーム断熱材「フェノバボード」の第2生産拠点建設による生産能力強化と、新 たな用途・市場への貢献を通じた革新と成長を追求した大規模投資計画,北陸銀行,True,https://seichotoushi-hojo.jp/assets/pdf/list_4ji.pdf,2026-07-18
4次,広島,広島県,創建ホーム株式会社,4240001037261,,ハウスからライフへ！東広島市から始まる新たなフラグシッププロジェクト,広島銀行,True,https://seichotoushi-hojo.jp/assets/pdf/list_4ji.pdf,2026-07-18
4次,広島,広島県,株式会社 山本製作所,6240001038654,,尾道市から世界へ！国内業務用洗濯機メーカーの海外進出計画,広島銀行,True,https://seichotoushi-hojo.jp/assets/pdf/list_4ji.pdf,2026-07-18
4次,広島,広島県,瀬戸内海印刷株式会社,7240001005546,,持続的成長と環境負荷低減を実現する次世代印刷工場建設計画,広島銀行,True,https://seichotoushi-hojo.jp/assets/pdf/list_4ji.pdf,2026-07-18
4次,"東京,大阪,広島, 宮城,福岡,愛知",広島県,株式会社アイ・グラン・ソリューション,9240001045805,,顧客ニーズの高まりに対する『ウェルネス事業』へ挑戦 ～新規出店加速化プロジェクト～,広島銀行,True,https://seichotoushi-hojo.jp/assets/pdf/list_4ji.pdf,2026-07-18
4次,愛媛,愛媛県,株式会社ユタカ,2500001004261,,日本一の『旋盤』サプライヤーになるための生産体制の大幅強化,広島銀行,True,https://seichotoushi-hojo.jp/assets/pdf/list_4ji.pdf,2026-07-18
4次,福岡,福岡県,オギハラ食品株式会社,7290001054159,,伝統食品「高菜漬」をより多くの人々へ。高付加価値化×供給力拡充による成長計画,福岡銀行,True,https://seichotoushi-hojo.jp/assets/pdf/list_4ji.pdf,2026-07-18
4次,福岡,福岡県,杉プラスチック工業株式会社,9290001052945,,環境配慮型容器の量産体制構築による循環経済への貢献,福岡銀行,True,https://seichotoushi-hojo.jp/assets/pdf/list_4ji.pdf,2026-07-18
4次,福岡,福岡県,株式会社森田あられ,4290801014356,,国産米を使用したプレミアム米菓SPAによる国内外展開加速を担う新工場建設・既存工場包装ラ イン刷新,三井住友銀行,True,https://seichotoushi-hojo.jp/assets/pdf/list_4ji.pdf,2026-07-18
4次,"福岡,山口",福岡県,MHT株式会社,7290001006382,,高性能漁船用油圧システムのアジア向け輸出拡大プロジェクト,福岡銀行,True,https://seichotoushi-hojo.jp/assets/pdf/list_4ji.pdf,2026-07-18
4次,佐賀,佐賀県,株式会社サン海苔,3300001000404,,佐賀海苔ブランド価値向上と製造プロセス革新に資する大規模投資で、地域産業の持続的な発 展への貢献,九州信用漁業協同組合連合会,True,https://seichotoushi-hojo.jp/assets/pdf/list_4ji.pdf,2026-07-18
4次,福岡,長崎県,吉田海運ロジソリューションズ株式会社,1310005003998,三井住友ファイナンス&リース株式会社(法人番号5010401072079),九州とアジアを繋ぐ！低温食品のサプライチェーン強靭化および物流の省人化推進事業,三井住友銀行,True,https://seichotoushi-hojo.jp/assets/pdf/list_4ji.pdf,2026-07-18
4次,長崎,長崎県,株式会社 博多屋,7310001005893,,佐世保駅前ホテル新館増築計画 ～ニューブランドホテルの建設～,日本政策金融公庫,True,https://seichotoushi-hojo.jp/assets/pdf/list_4ji.pdf,2026-07-18
4次,"熊本,鹿児島",熊本県,富田薬品株式会社,2330001003264,みずほリース株式会社(法人番号3010401094447),地域医療プラットフォーム構築の為の物流改革事業,みずほ銀行,True,https://seichotoushi-hojo.jp/assets/pdf/list_4ji.pdf,2026-07-18
4次,大分,大分県,株式会社環境整備産業,9320001000792,,県内最大規模の焼却および中和施設新設による廃棄物処理地域完結型化事業,大分銀行,True,https://seichotoushi-hojo.jp/assets/pdf/list_4ji.pdf,2026-07-18
4次,"鹿児島,福岡,大阪, 宮崎,東京",鹿児島県,株式会社エルス,9340001006391,,製造業との一体型物流モデル構築による生産性革新プロジェクト,福岡銀行,True,https://seichotoushi-hojo.jp/assets/pdf/list_4ji.pdf,2026-07-18
4次,鹿児島,鹿児島県,株式会社ニシムタ,2340001003271,,生鮮食品スーパーの品揃え強化のための惣菜セントラルキッチン工場建設とホームセンターを合 体させた当社独自のスーパーセンターの店舗網拡大による地域への貢献,鹿児島銀行,True,https://seichotoushi-hojo.jp/assets/pdf/list_4ji.pdf,2026-07-18
4次,沖縄,沖縄県,南島酒販株式会社,2360001005191,,日本酒蔵建設による沖縄唯一・日本最南端の日本酒ブランド化と沖縄産業の活性化,三菱UFJ銀行,True,https://seichotoushi-hojo.jp/assets/pdf/list_4ji.pdf,2026-07-18
5次,"北海道,東京",北海道,株式会社はなまる,5460401000110,,自社店舗向け寿司ネタ供給革命 ─ 産地連携と新加工工場が核となるドミナント戦略 ─,北洋銀行,True,https://chukentou-seichotoushi-hojo.jp/assets/lp/documents/list_5ji.pdf,2026-07-18
5次,北海道,北海道,日本栄養食品株式会社,7430001020798,,北海道の食の安定供給体制を強化する物流センター新設事業,北洋銀行,True,https://chukentou-seichotoushi-hojo.jp/assets/lp/documents/list_5ji.pdf,2026-07-18
5次,北海道,北海道,梨湖フーズ株式会社,9430001012265,,北海道の恵みを世界へ！セントラルキッチン機能を備えたフードファクトリー新設事業,北洋銀行,True,https://chukentou-seichotoushi-hojo.jp/assets/lp/documents/list_5ji.pdf,2026-07-18
5次,宮城,宮城,ニッシン食販株式会社,2370001005785,,2工場集約と革新的加工技術導入による仙台牛タンのグローバル展開事業,七十七銀行,True,https://chukentou-seichotoushi-hojo.jp/assets/lp/documents/list_5ji.pdf,2026-07-18
5次,山形,山形,三和油脂株式会社,9390001004366,,こめ油の海外輸出戦略を実現する、脱臭装置および工場能力増強投資,日本政策金融公庫,True,https://chukentou-seichotoushi-hojo.jp/assets/lp/documents/list_5ji.pdf,2026-07-18
5次,栃木,栃木,ABCロジテム株式会社,6060001000905,,冷凍・冷蔵食品の３ＰＬ需要に対応した次世代型低温物流倉庫建設プロジェクト,足利銀行,True,https://chukentou-seichotoushi-hojo.jp/assets/lp/documents/list_5ji.pdf,2026-07-18
5次,群馬,群馬,株式会社湯浅製作所,7070001011974,,自動車産業を中心とした価値ある“ものつくり”を支える次世代生産拠点整備事業,群馬銀行,True,https://chukentou-seichotoushi-hojo.jp/assets/lp/documents/list_5ji.pdf,2026-07-18
5次,群馬,群馬,株式会社新鮮便,2070001016053,,冷凍物流企業として更なる進化のための冷凍冷蔵倉庫建設と自動選別機械及び基幹システム導 入,群馬銀行,True,https://chukentou-seichotoushi-hojo.jp/assets/lp/documents/list_5ji.pdf,2026-07-18
5次,群馬,群馬,株式会社関東高圧容器製作所,9070001000694,,高圧容器の生産能力強化及び省力化・品質強化に向けた大型設備投資事業,群馬銀行,True,https://chukentou-seichotoushi-hojo.jp/assets/lp/documents/list_5ji.pdf,2026-07-18
5次,群馬,群馬,群馬ビバレッジ 株式会社,9120001277930,,グリーンアセプ設備とペットボトル内製化で省エネ・高効率・安定供給を実現する大規模飲料 製造拠点構築事業,三井住友銀行,True,https://chukentou-seichotoushi-hojo.jp/assets/lp/documents/list_5ji.pdf,2026-07-18
5次,栃木,埼玉,株式会社富岡食品,2030001086463,,国内・外の油揚需要の対応に向けた新工場建設と連続自動化一貫生産ライン構築事業,足利銀行,True,https://chukentou-seichotoushi-hojo.jp/assets/lp/documents/list_5ji.pdf,2026-07-18
5次,埼玉,埼玉,株式会社森田鉄工所,8030001031554,,国内、海外の水道網の強靭化を支える水道バルブ生産能力強化プロジェクト,足利銀行,True,https://chukentou-seichotoushi-hojo.jp/assets/lp/documents/list_5ji.pdf,2026-07-18
5次,静岡,千葉,株式会社アコー,7040001029193,,AI・半導体や全固体電池など先端産業の量産を牽引する、高付加価値GXオーダーメイド集塵機 新工場の整備と供給力倍増,三菱UFJ銀行,True,https://chukentou-seichotoushi-hojo.jp/assets/lp/documents/list_5ji.pdf,2026-07-18
5次,茨城,東京,株式会社東和食品,7011601004811,,工場新設とHACCP承認取得による高付加価値商品製造と事業拡大,常陽銀行,True,https://chukentou-seichotoushi-hojo.jp/assets/lp/documents/list_5ji.pdf,2026-07-18
5次,神奈川,東京,株式会社 KURASU KANAYA,7010801036895,,【強固な顧客基盤の多角的活用×次世代宿泊DX】箱根から熱海・那須へ繋ぐ機動的な拠点展開 と業界最高水準の待遇還元への挑戦,三井住友銀行,True,https://chukentou-seichotoushi-hojo.jp/assets/lp/documents/list_5ji.pdf,2026-07-18
5次,"埼玉,福島",東京,ニッコーシ株式会社,7010001053741,,半導体製造装置部品の一貫生産体制の強化,東邦銀行,True,https://chukentou-seichotoushi-hojo.jp/assets/lp/documents/list_5ji.pdf,2026-07-18
5次,岐阜,東京,TAIMATSU株式会社,7010501051377,,世界三大刃物産地・岐阜県関市への自社工場新設による和包丁の製造内製化と伝統工芸産業の 持続的発展基盤の構築,みずほ銀行,True,https://chukentou-seichotoushi-hojo.jp/assets/lp/documents/list_5ji.pdf,2026-07-18
5次,"京都,埼玉",東京,有限会社カイカイキキ,5010402035398,,京都・東九条スタジオ新設による制作能力増強計画,京都信用金庫,True,https://chukentou-seichotoushi-hojo.jp/assets/lp/documents/list_5ji.pdf,2026-07-18
5次,群馬,東京,スターテング工業株式会社,7011301003816,,ニッチトップから世界の主役へ！新工場で挑む事業ポートフォリオ転換,みずほ銀行,True,https://chukentou-seichotoushi-hojo.jp/assets/lp/documents/list_5ji.pdf,2026-07-18
5次,滋賀,東京,日本熱源システム株式会社,4011101028818,,省電力を実現する「データセンター用冷却装置」と化石燃料ボイラーに代わる「CO(cid:17462)ヒートポ ンプ」増産のための新工場建設,三菱UFJ銀行,True,https://chukentou-seichotoushi-hojo.jp/assets/lp/documents/list_5ji.pdf,2026-07-18
5次,"東京,神奈川",神奈川,株式会社崎陽軒,6020001014611,,100年の伝統と最新自動化技術の融合による弁当供給力の抜本的強化と地域食文化発展事業,みずほ銀行,True,https://chukentou-seichotoushi-hojo.jp/assets/lp/documents/list_5ji.pdf,2026-07-18
5次,"神奈川,東京",神奈川,マイクロテック・ラボラトリー株式会社,7021001013965,,次世代小型モーション統合生産拠点構築事業,みずほ銀行,True,https://chukentou-seichotoushi-hojo.jp/assets/lp/documents/list_5ji.pdf,2026-07-18
5次,神奈川,神奈川,サン インテルネット株式会社,9021001026841,,食品EC需要拡大に対応したワンストップ型次世代冷凍食品EC物流拠点整備事業,三井住友銀行,True,https://chukentou-seichotoushi-hojo.jp/assets/lp/documents/list_5ji.pdf,2026-07-18
5次,福島,神奈川,株式会社シグマ,8020001077202,,一眼カメラおよびカメラ用交換レンズの製造事業,みずほ銀行,True,https://chukentou-seichotoushi-hojo.jp/assets/lp/documents/list_5ji.pdf,2026-07-18
5次,"新潟,岐阜",新潟,株式会社 有沢製作所,1110001018789,,半導体材料需要の増加を見据えた大規模成⾧投資,八十二⾧野銀行,True,https://chukentou-seichotoushi-hojo.jp/assets/lp/documents/list_5ji.pdf,2026-07-18
5次,富山,富山,株式会社タイヨーパッケージ,6230001001539,,100億円達成に向けた富山本社工場増設による製造キャパシティ拡大事業,北陸銀行,True,https://chukentou-seichotoushi-hojo.jp/assets/lp/documents/list_5ji.pdf,2026-07-18
5次,富山,富山,三芝硝材株式会社,2230001010097,,GX高機能ガラス量産革新プロジェクト,北陸銀行,True,https://chukentou-seichotoushi-hojo.jp/assets/lp/documents/list_5ji.pdf,2026-07-18
5次,石川,石川,株式会社 共和工業所,1220001011873,,Project “KYOWA NEXT 200”,みずほ銀行,True,https://chukentou-seichotoushi-hojo.jp/assets/lp/documents/list_5ji.pdf,2026-07-18
5次,石川,石川,北陸製菓株式会社,5220001006317,,HOKURIKU RICE SNACK GLOBAL PROJECT,福井銀行,True,https://chukentou-seichotoushi-hojo.jp/assets/lp/documents/list_5ji.pdf,2026-07-18
5次,石川,石川,株式会社加賀屋,5220001015292,,～進化から新加へ～ 加賀屋 真RYOKAN計画,北國銀行,True,https://chukentou-seichotoushi-hojo.jp/assets/lp/documents/list_5ji.pdf,2026-07-18
5次,"山梨,⾧野,静岡",山梨,株式会社クア・アンド・ホテル,9090001000552,,生産性向上を実現する「次世代型健康ランド」モデル施設整備事業,三井住友銀行,True,https://chukentou-seichotoushi-hojo.jp/assets/lp/documents/list_5ji.pdf,2026-07-18
5次,静岡,静岡,A.I.S株式会社,4080401002476,,本社工場刷新による次世代自動車用ユニットのモノづくり力強化,日本政策金融公庫,True,https://chukentou-seichotoushi-hojo.jp/assets/lp/documents/list_5ji.pdf,2026-07-18
5次,愛知,愛知,株式会社三琇プレシジョン,7180301015763,,安城工場新設工事,岡崎信用金庫,True,https://chukentou-seichotoushi-hojo.jp/assets/lp/documents/list_5ji.pdf,2026-07-18
5次,愛知,愛知,愛同工業株式会社,5180001092361,,高付加価値な中型アルミダイカスト製品製造への参入による「次世代Tier(cid:17462)」モデルの確立,三菱UFJ銀行,True,https://chukentou-seichotoushi-hojo.jp/assets/lp/documents/list_5ji.pdf,2026-07-18
5次,愛知,愛知,株式会社三光製作所,6180001098275,,防衛・宇宙サプライチェーン強靭化に資する抜本的能力拡張のための新工場設立,三十三銀行,True,https://chukentou-seichotoushi-hojo.jp/assets/lp/documents/list_5ji.pdf,2026-07-18
5次,愛知,愛知,春日井製菓株式会社,8180001025070,,独自新技術を活用した高付加価値グミ量産拠点の新設による国内・海外市場拡大事業,三菱UFJ銀行,True,https://chukentou-seichotoushi-hojo.jp/assets/lp/documents/list_5ji.pdf,2026-07-18
5次,静岡,愛知,株式会社ダイセキ環境ソリューション,5180001044387,,静岡市におけるプラスチック資源再商品化事業,三井住友銀行,True,https://chukentou-seichotoushi-hojo.jp/assets/lp/documents/list_5ji.pdf,2026-07-18
5次,愛知,愛知,東栄鉄工株式会社,9180001052106,,次世代鉄骨ファブリケーターの創造：高難度・高付加価値市場を制するBIM・ロボット連携ス マート工場の建設及び次世代型労働環境の構築,三菱UFJ銀行,True,https://chukentou-seichotoushi-hojo.jp/assets/lp/documents/list_5ji.pdf,2026-07-18
5次,"岐阜,愛知",愛知,株式会社フコク東海,3180001040215,,次世代電子基板とワイヤレス給電装置による日本の製造業への貢献,三菱UFJ銀行,True,https://chukentou-seichotoushi-hojo.jp/assets/lp/documents/list_5ji.pdf,2026-07-18
5次,愛知,愛知,中京化成工業株式会社,6180001014892,,研究開発拠点整備・AIを活用した開発プロセス構築による、世界初の潤滑油・離型剤開発の加 速化事業,日本政策金融公庫,True,https://chukentou-seichotoushi-hojo.jp/assets/lp/documents/list_5ji.pdf,2026-07-18
5次,"静岡,愛知",愛知,株式会社Kokune,3180301015230,,半導体製造装置メーカーへの部素材供給設備強化事業,西尾信用金庫,True,https://chukentou-seichotoushi-hojo.jp/assets/lp/documents/list_5ji.pdf,2026-07-18
5次,岐阜,愛知,新日本工業株式会社,1180001058762,,地域経済の成⾧と豊かな暮らしを支える製造DX化による高付加価値インフラ整備事業,大垣共立銀行,True,https://chukentou-seichotoushi-hojo.jp/assets/lp/documents/list_5ji.pdf,2026-07-18
5次,三重,三重,ヤマモリ株式会社,3190001012691,,食のグローバルな安定供給に貢献 レトルトパウチ食品の国内外需要に対応するAI・DX・自動化 を核とした日本最大級のレトルトパウチ食品工場建設事業,三菱UFJ銀行,True,https://chukentou-seichotoushi-hojo.jp/assets/lp/documents/list_5ji.pdf,2026-07-18
5次,三重,三重,万協製薬株式会社,9190001010896,,医療用大麻医薬品製造工場の新設による「バイオDX×創薬」事業によるCDMO事業のさらなる 発展,"みずほ銀行,日本政策金融公庫",True,https://chukentou-seichotoushi-hojo.jp/assets/lp/documents/list_5ji.pdf,2026-07-18
5次,栃木,三重,正和製菓株式会社,5190001015172,,新小山工場建設PJ,三十三銀行,True,https://chukentou-seichotoushi-hojo.jp/assets/lp/documents/list_5ji.pdf,2026-07-18
5次,滋賀,滋賀,西川テックス株式会社,6160001010126,日本橋西川ビル株式会社（法人番号8010001062675） 西川ロジスティクス株式会社（法人番号5010001053636）,睡眠で暮らしと未来を変えて行く西川グループの開発・製造・物流基盤の高度化とサプライ チェーン強靭化計画,滋賀銀行,True,https://chukentou-seichotoushi-hojo.jp/assets/lp/documents/list_5ji.pdf,2026-07-18
5次,滋賀,滋賀,株式会社ナンガ,7160001006916,,新本社を核とした共創型商品開発によるグローバル・アウトドアアパレルブランドへの飛躍,滋賀銀行,True,https://chukentou-seichotoushi-hojo.jp/assets/lp/documents/list_5ji.pdf,2026-07-18
5次,"滋賀,京都",京都,株式会社 菊水製作所,8130001020373,,「コナヲカタメル」技術の高度化と市場拡大に向けた新工場建設・生産革新計画,三井住友銀行,True,https://chukentou-seichotoushi-hojo.jp/assets/lp/documents/list_5ji.pdf,2026-07-18
5次,滋賀,京都,株式会社チェリオコーポレーション,7120901011473,,第2ライン新設事業 ― 生産能力2.5倍によるPB/OEM供給体制の抜本的強化,三菱UFJ銀行,True,https://chukentou-seichotoushi-hojo.jp/assets/lp/documents/list_5ji.pdf,2026-07-18
5次,"滋賀,京都",京都,株式会社カンポ,5130001014163,,感染性廃棄物の地域完結処理を担う次世代型焼却施設事業,滋賀銀行,True,https://chukentou-seichotoushi-hojo.jp/assets/lp/documents/list_5ji.pdf,2026-07-18
5次,兵庫,大阪,大和特殊鋼株式会社,4120001045136,,歌道谷新工場建設 拠点集約による効率化,三菱UFJ銀行,True,https://chukentou-seichotoushi-hojo.jp/assets/lp/documents/list_5ji.pdf,2026-07-18
5次,佐賀,大阪,株式会社三宝化学研究所,6120101002968,,グローバルトップ分野である半導体材料の供給網をより強く！佐賀工場第二製造棟新設による 供給力強化事業,三菱UFJ銀行,True,https://chukentou-seichotoushi-hojo.jp/assets/lp/documents/list_5ji.pdf,2026-07-18
5次,"福井,山口",大阪,田中紙管株式会社,4122001019235,,航空・宇宙等の戦略17分野の発展を支える高機能紙管生産体制の構築,日本政策金融公庫,True,https://chukentou-seichotoushi-hojo.jp/assets/lp/documents/list_5ji.pdf,2026-07-18
5次,大阪,大阪,TONE株式会社,9120001013625,,加工・組立一貫の省力化新工場設立により、高付加価値電動工具の世界への販売拡大,三井住友銀行,True,https://chukentou-seichotoushi-hojo.jp/assets/lp/documents/list_5ji.pdf,2026-07-18
5次,静岡,大阪,大阪ラセン管工業株式会社,3120001051003,三井住友ファイナンス＆リース株式会社 （法人番号5010401072079）,成⾧分野向け高信頼性フレキシブルチューブの国内中核供給体制確立に向けた大規模投資,三井住友銀行,True,https://chukentou-seichotoushi-hojo.jp/assets/lp/documents/list_5ji.pdf,2026-07-18
5次,埼玉,兵庫,アイベステクノ株式会社,3140001057485,,ＡＩデータセンター及び国内基幹産業向け高付加価値配電盤の供給拡大構築事業,三井住友銀行,True,https://chukentou-seichotoushi-hojo.jp/assets/lp/documents/list_5ji.pdf,2026-07-18
5次,兵庫,兵庫,株式会社水登社,4140001021390,,生産革新・工場再編プロジェクト（Re-FACTORY）の推進,みずほ銀行,True,https://chukentou-seichotoushi-hojo.jp/assets/lp/documents/list_5ji.pdf,2026-07-18
5次,兵庫,兵庫,株式会社神戸工業試験場,1140001014570,,受託材料等試験サービスで世界市場開拓へ：新棟建設を含む基盤整備事業,三菱UFJ銀行,True,https://chukentou-seichotoushi-hojo.jp/assets/lp/documents/list_5ji.pdf,2026-07-18
5次,奈良,奈良,株式会社ダイドー,7120001012711,,伝統と革新の融合、高度製袋技術で実現するワンストップ事業への変革,南都銀行,True,https://chukentou-seichotoushi-hojo.jp/assets/lp/documents/list_5ji.pdf,2026-07-18
5次,奈良,奈良,株式会社ＭＳＴコーポレーション,1150001004752,,多くの世界初の開発商品実績を誇る技術力と、自動化を極めた次世代モデル工場によるグロー バル市場開拓戦略,大和信用金庫,True,https://chukentou-seichotoushi-hojo.jp/assets/lp/documents/list_5ji.pdf,2026-07-18
5次,三重,和歌山,竹島鉃工建設株式会社,5170001007130,,BIMデータ連動による鉄骨製作DX事業,三菱UFJ銀行,True,https://chukentou-seichotoushi-hojo.jp/assets/lp/documents/list_5ji.pdf,2026-07-18
5次,岡山,岡山,株式会社アイスライン,5260001000101,,高効率・高品質・高付加価値製氷基盤構築による供給力強化・成⾧加速事業,伊予銀行,True,https://chukentou-seichotoushi-hojo.jp/assets/lp/documents/list_5ji.pdf,2026-07-18
5次,"千葉,兵庫,広島, 福岡,愛知",広島,中外テクノス株式会社,5240001006942,,DIVERSE SOLUTIONS SHAPE TOMORROWの実現プロジェクト,三菱UFJ銀行,True,https://chukentou-seichotoushi-hojo.jp/assets/lp/documents/list_5ji.pdf,2026-07-18
5次,山口,山口,株式会社ニシエフ,7250001006915,,救命艇・特殊艇の安定供給を実現するための成⾧投資事業,山口銀行,True,https://chukentou-seichotoushi-hojo.jp/assets/lp/documents/list_5ji.pdf,2026-07-18
5次,徳島,徳島,バイオ科学株式会社,6480001006819,,世界的な予防医療ニーズに応える水産用ワクチンの量産体制構築とDX推進：研究開発体制の抜 本的強化による世界シェアの拡大,阿波銀行,True,https://chukentou-seichotoushi-hojo.jp/assets/lp/documents/list_5ji.pdf,2026-07-18
5次,徳島,徳島,富田製薬株式会社,1480001005057,,透析剤・医薬品原薬等の世界的需要に応え、グローバルな医療の発展に貢献するための工場再 編プロジェクト,徳島大正銀行,True,https://chukentou-seichotoushi-hojo.jp/assets/lp/documents/list_5ji.pdf,2026-07-18
5次,徳島,徳島,日本フネン株式会社,4480001004519,,鋼製玄関ドア及び周辺市場での拡大に向けた省力化・成⾧投資,阿波銀行,True,https://chukentou-seichotoushi-hojo.jp/assets/lp/documents/list_5ji.pdf,2026-07-18
5次,"福岡,茨城,愛知, 京都",福岡,イフジ産業株式会社,7290001038112,,【「食の半導体」として日本の食を支える】液卵・凍結卵の安定供給強化と高付加価値化,福岡銀行,True,https://chukentou-seichotoushi-hojo.jp/assets/lp/documents/list_5ji.pdf,2026-07-18
5次,福岡,福岡,株式会社唐人ベーカリー,6290001000394,,今後のBtoB事業拡大に向けた生産基盤の構築と販路拡大,西日本シティ銀行,True,https://chukentou-seichotoushi-hojo.jp/assets/lp/documents/list_5ji.pdf,2026-07-18
5次,福岡,福岡,株式会社トランペッツ,1290001072926,,「日本に、世界基準のフリーズドライ食品インフラを。」,西日本シティ銀行,True,https://chukentou-seichotoushi-hojo.jp/assets/lp/documents/list_5ji.pdf,2026-07-18
5次,福岡,福岡,ヤンマーエネルギーシステム製造株式会社,7260001007565,,新工場設立によるデータセンター向け大型非常用発電機の製造・販売への挑戦,りそな銀行,True,https://chukentou-seichotoushi-hojo.jp/assets/lp/documents/list_5ji.pdf,2026-07-18
5次,福岡,福岡,株式会社明月堂,2290001018218,,体験型観光拠点整備および製造工程の自動化による生産性向上・供給力強化事業,三菱UFJ銀行,True,https://chukentou-seichotoushi-hojo.jp/assets/lp/documents/list_5ji.pdf,2026-07-18
5次,"大分,石川",福岡,小野建株式会社,6320001000746,,物流・加工機能増強による高付加価値サービス強化とIT基盤整備によるデータドリブン経営の 推進,三菱UFJ銀行,True,https://chukentou-seichotoushi-hojo.jp/assets/lp/documents/list_5ji.pdf,2026-07-18
5次,熊本,熊本,株式会社オジックテクノロジーズ,9330001000692,,半導体関連産業の需要拡大と次世代製品への対応に向けた表面処理事業の新工場建設,肥後銀行,True,https://chukentou-seichotoushi-hojo.jp/assets/lp/documents/list_5ji.pdf,2026-07-18
5次,宮崎,宮崎,旭有機材株式会社,7350001006608,,流量制御技術及び低発塵化技術を生かした半導体製造装置向け小型精密バルブの開発・生産・ 販売,三井住友銀行,True,https://chukentou-seichotoushi-hojo.jp/assets/lp/documents/list_5ji.pdf,2026-07-18
5次,沖縄,沖縄,街クリーン株式会社,4360001006584,,焼却施設新設による沖縄型資源循環の創造,琉球銀行,True,https://chukentou-seichotoushi-hojo.jp/assets/lp/documents/list_5ji.pdf,2026-07-18
5次,沖縄,沖縄,株式会社奥原商事,2360001008681,,商業・宿泊施設の一体開発による沖縄型観光まちづくりの進化,三菱UFJ銀行,True,https://chukentou-seichotoushi-hojo.jp/assets/lp/documents/list_5ji.pdf,2026-07-18
